Workbook

Sheet Planilha2

Sheet Controle CIT
B2: Data | C2: PLACA | D2: VOLUME | E2: VIAGENS | F2: TOTAL | G2: OBSERVAÇÕES
B3: 46076 | C3: NPB-4686 | D3: 20000 | E3: - | F3: =IFERROR(Tabela24[[#This Row],[VOLUME]]*Tabela24[[#This Row],[VIAGENS]],"")
B4: 46076 | C4: QZN-8E65 | D4: 20000 | E4: 1 | F4: =IFERROR(Tabela24[[#This Row],[VOLUME]]*Tabela24[[#This Row],[VIAGENS]],"") -> 20000 | G4: P/ VIAGEM
B5: 46076 | C5: TAB-2G94 | D5: 20000 | E5: 3 | F5: =IFERROR(Tabela24[[#This Row],[VOLUME]]*Tabela24[[#This Row],[VIAGENS]],"") -> 60000 | G5: P/ GARAGEM CARREGADO
B6: 46076 | C6: PHO-4D02 | D6: 25000 | E6: - | F6: =IFERROR(Tabela24[[#This Row],[VOLUME]]*Tabela24[[#This Row],[VIAGENS]],"")
B7: 46076 | C7: PHO-4D32 | D7: 25000 | E7: 2 | F7: =IFERROR(Tabela24[[#This Row],[VOLUME]]*Tabela24[[#This Row],[VIAGENS]],"") -> 50000 | G7: CARREGADO COM 15M
B8: 46076 | C8: PHZ-8J44 | D8: 25000 | E8: 2 | F8: =IFERROR(Tabela24[[#This Row],[VOLUME]]*Tabela24[[#This Row],[VIAGENS]],"") -> 50000
B9: 46076 | C9: OAK-8G51 | D9: 25000 | E9: 2 | F9: =IFERROR(Tabela24[[#This Row],[VOLUME]]*Tabela24[[#This Row],[VIAGENS]],"") -> 50000
B10: 46076 | C10: QZW-6A95 | D10: 25000 | E10: 2 | F10: =IFERROR(Tabela24[[#This Row],[VOLUME]]*Tabela24[[#This Row],[VIAGENS]],"") -> 50000
B11: 46076 | C11: JXA-4749 | D11: 30000 | E11: - | F11: =IFERROR(Tabela24[[#This Row],[VOLUME]]*Tabela24[[#This Row],[VIAGENS]],"")
B12: 46076 | C12: JXA-5543 | D12: 30000 | E12: 2 | F12: =IFERROR(Tabela24[[#This Row],[VOLUME]]*Tabela24[[#This Row],[VIAGENS]],"") -> 60000
B13: 46076 | C13: JXA-5463 | D13: 30000 | E13: 1 | F13: =IFERROR(Tabela24[[#This Row],[VOLUME]]*Tabela24[[#This Row],[VIAGENS]],"") -> 30000 | G13: NÃO TINHA PEDIDO
B14: Total | F14: =SUM(Tabela24[TOTAL]) -> 370000
B15: 46077 | C15: NPB-4686 | D15: 20000 | E15: - | F15: =IFERROR(D15*E15,"") | I15: Data | J15: PLACA | K15: VOLUME | L15: VIAGENS | M15: TOTAL | N15: OBSERVAÇÕES
B16: 46077 | C16: QZN-8E65 | D16: 20000 | E16: 1 | F16: =IFERROR(D16*E16,"") -> 20000 | G16: CT ADICIONAL, CHEGADA AS 10 HORAS. CT COM OCORRÊNCIA NO POSTO BBX | I16: 46077 | J16: NOM-7B05 | K16: 20000 | L16: 2 | M16: =IFERROR(#REF!*#REF!,"") | N16: TRANSCAP
B17: 46077 | C17: TAB-2G94 | D17: 20000 | E17: 2 | F17: =IFERROR(D17*E17,"") -> 40000 | I17: 46077 | J17: QZR-7E86 | K17: 35000 | L17: 1 | M17: =IFERROR(#REF!*#REF!,"") | N17: IN TEIXEIRA
B18: 46077 | C18: PHO-4D02 | D18: 25000 | E18: - | F18: =IFERROR(D18*E18,"") | I18: Total | M18: =SUM(M16:M17) -> 0
B19: 46077 | C19: PHO-4D32 | D19: 25000 | E19: 2 | F19: =IFERROR(D19*E19,"") -> 50000
B20: 46077 | C20: PHZ-8J44 | D20: 25000 | E20: 2 | F20: =IFERROR(D20*E20,"") -> 50000
B21: 46077 | C21: OAK-8G51 | D21: 25000 | E21: 2 | F21: =IFERROR(D21*E21,"") -> 50000
B22: 46077 | C22: QZW-6A95 | D22: 25000 | E22: 2 | F22: =IFERROR(D22*E22,"") -> 50000
B23: 46077 | C23: JXA-4749 | D23: 30000 | E23: - | F23: =IFERROR(D23*E23,"")
B24: 46077 | C24: JXA-5543 | D24: 30000 | E24: 2 | F24: =IFERROR(D24*E24,"") -> 60000
B25: 46077 | C25: JXA-5463 | D25: 30000 | E25: 1 | F25: =IFERROR(D25*E25,"") -> 30000 | G25: VIAGEM
B26: Total | F26: =SUM(F15:F25) -> 350000
B27: 46078 | C27: NPB-4686 | D27: 20000 | E27: - | F27: =IFERROR(D27*E27,"") | I27: Data | J27: PLACA | K27: VOLUME | L27: VIAGENS | M27: TOTAL | N27: OBSERVAÇÕES
B28: 46078 | C28: QZN-8E65 | D28: 20000 | E28: 1 | F28: =IFERROR(D28*E28,"") -> 20000 | G28: CT adicional | I28: 46077 | J28: NOM-7B05 | K28: 20000 | L28: 1 | M28: =IFERROR(#REF!*#REF!,"") | N28: TRANSCAP
B29: 46078 | C29: TAB-2G94 | D29: 20000 | E29: 2 | F29: =IFERROR(D29*E29,"") -> 40000 | I29: 46077 | J29: QZR-7E86 | K29: 35000 | L29: 1 | M29: =IFERROR(#REF!*#REF!,"") | N29: IN TEIXEIRA
B30: 46078 | C30: PHO-4D02 | D30: 25000 | E30: - | F30: =IFERROR(D30*E30,"") | I30: Total | M30: =SUM(M28:M29) -> 0
B31: 46078 | C31: PHO-4D32 | D31: 25000 | E31: 2 | F31: =IFERROR(D31*E31,"") -> 50000
B32: 46078 | C32: PHZ-8J44 | D32: 25000 | E32: 3 | F32: =IFERROR(D32*E32,"") -> 75000 | G32: Garagem com a viagem
B33: 46078 | C33: OAK-8G51 | D33: 25000 | E33: 2 | F33: =IFERROR(D33*E33,"") -> 50000
B34: 46078 | C34: QZW-6A95 | D34: 25000 | E34: 2 | F34: =IFERROR(D34*E34,"") -> 50000 | G34: Garagem com 15m³
B35: 46078 | C35: JXA-4749 | D35: 30000 | E35: - | F35: =IFERROR(D35*E35,"")
B36: 46078 | C36: JXA-5543 | D36: 30000 | E36: 1 | F36: =IFERROR(D36*E36,"") -> 30000 | G36: Descarregar o ODM do PJB
B37: 46078 | C37: JXA-5463 | D37: 30000 | E37: - | F37: =IFERROR(D37*E37,"")
F38: =SUM(F27:F37) -> 315000
B39: 46079 | C39: NPB-4686 | D39: 20000 | E39: - | F39: =IFERROR(D39*E39,"") | I39: Data | J39: PLACA | K39: VOLUME | L39: VIAGENS | M39: TOTAL | N39: OBSERVAÇÕES
B40: 46079 | C40: QZN-8E65 | D40: 20000 | E40: 1 | F40: =IFERROR(D40*E40,"") -> 20000 | G40: CT saiu com consumo. Saída s 08:38 e finalizou as 16:16. CT não retornou pois o pneu furou. | I40: 46079 | J40: NOM-7B05 | K40: 20000 | L40: 2 | M40: =IFERROR(K40*L40,"") -> 40000 | N40: TRANSCAP
B41: 46079 | C41: TAB-2G94 | D41: 20000 | E41: 2 | F41: =IFERROR(D41*E41,"") -> 40000 | I41: 46079 | J41: QZR-7E86 | K41: 35000 | L41: 1 | M41: =IFERROR(K41*L41,"") -> 35000 | N41: IN TEIXEIRA
B42: 46079 | C42: PHO-4D02 | D42: 25000 | E42: - | F42: =IFERROR(D42*E42,"") | I42: Total | M42: =SUM(M40:M41) -> 75000
B43: 46079 | C43: PHO-4D32 | D43: 25000 | E43: 2 | F43: =IFERROR(D43*E43,"") -> 50000
B44: 46079 | C44: PHZ-8J44 | D44: 25000 | E44: - | F44: =IFERROR(D44*E44,"")
B45: 46079 | C45: OAK-8G51 | D45: 25000 | E45: 2 | F45: =IFERROR(D45*E45,"") -> 50000
B46: 46079 | C46: QZW-6A95 | D46: 25000 | E46: 2 | F46: =IFERROR(D46*E46,"") -> 50000 | G46: Carregado com 15m, saiu da garagem para as entregas. Retornou p/ base as 10:26
B47: 46079 | C47: JXA-4749 | D47: 30000 | E47: - | F47: =IFERROR(D47*E47,"")
B48: 46079 | C48: JXA-5543 | D48: 30000 | E48: - | F48: =IFERROR(D48*E48,"")
B49: 46079 | C49: JXA-5463 | D49: 30000 | E49: 1 | F49: =IFERROR(D49*E49,"") -> 30000 | G49: Chegada as 11:34
F52: =SUM(F39:F49) -> 240000
B53: 46107 | C53: NPB-4686 | D53: 20000 | E53: - | F53: =IFERROR(D53*E53,"") | I53: Data | J53: PLACA | K53: VOLUME | L53: VIAGENS | M53: TOTAL | N53: OBSERVAÇÕES
B54: 46107 | C54: QZN-8E65 | D54: 20000 | E54: 2 | F54: =IFERROR(D54*E54,"") -> 40000 | I54: 46079 | J54: NOM-7B05 | K54: 20000 | L54: 2 | M54: =IFERROR(K54*L54,"") -> 40000 | N54: TRANSCAP
B55: 46107 | C55: TAB-2G94 | D55: 20000 | E55: 1 | F55: =IFERROR(D55*E55,"") -> 20000 | I55: 46079 | J55: QZR-7E86 | K55: 35000 | L55: - | M55: =IFERROR(K55*L55,"") | N55: IN TEIXEIRA
B56: 46107 | C56: PHO-4D32 | D56: 25000 | E56: 2 | F56: =IFERROR(D56*E56,"") -> 50000
B57: 46107 | C57: PHZ-8J44 | D57: 25000 | E57: 1 | F57: =IFERROR(D57*E57,"") -> 25000
B58: 46107 | C58: QZW-6A95 | D58: 25000 | E58: 2 | F58: =IFERROR(D58*E58,"") -> 50000
B59: 46107 | C59: JXA5463 | D59: 30000 | E59: 2 | F59: =IFERROR(D59*E59,"") -> 60000
B60: 46107 | C60: NPB-4686 | D60: 30000 | E60: 1 | F60: =IFERROR(D60*E60,"") -> 30000
F61: =SUM(F53:F60) -> 275000
B62: 46109 | C62: NPB-4686 | D62: 20000 | E62: 2 | F62: =IFERROR(D62*E62,"") -> 40000
B63: 46109 | C63: QZN-8E65 | D63: 20000 | E63: 1 | F63: =IFERROR(D63*E63,"") -> 20000
B64: 46109 | C64: TAB-2G94 | D64: 20000 | E64: 1 | F64: =IFERROR(D64*E64,"") -> 20000
B65: 46109 | C65: PHO-4D02 | D65: 25000 | E65: 2 | F65: =IFERROR(D65*E65,"") -> 50000
B66: 46109 | C66: PHO-4D32 | D66: 25000 | E66: 2 | F66: =IFERROR(D66*E66,"") -> 50000
B67: 46109 | C67: PHZ-8J44 | D67: 25000 | E67: 1 | F67: =IFERROR(D67*E67,"") -> 25000
F68: =SUM(F62:F67) -> 205000
B69: 46109 | C69: NPB-4686 | D69: 20000 | E69: 2 | F69: =IFERROR(D69*E69,"") -> 40000
B70: 46109 | C70: QZN-8E65 | D70: 20000 | E70: 2 | F70: =IFERROR(D70*E70,"") -> 40000
B71: 46109 | C71: TAB-2G94 | D71: 20000 | E71: 2 | F71: =IFERROR(D71*E71,"") -> 40000
B72: 46109 | C72: PHO-4D02 | D72: 25000 | E72: 2 | F72: =IFERROR(D72*E72,"") -> 50000
B73: 46109 | C73: PHO-4D32 | D73: 25000 | E73: 2 | F73: =IFERROR(D73*E73,"") -> 50000
B74: 46109 | C74: JXA-4749 | D74: 25000 | E74: 1 | F74: =IFERROR(D74*E74,"") -> 25000
B75: 46109 | C75: NON-3029 | D75: 25000 | E75: 1 | F75: =IFERROR(D75*E75,"") -> 25000
F76: 270,00
B77: 46112 | C77: QZW-6A95 | D77: 30000 | E77: 2 | F77: =IFERROR(D77*E82,"") -> 60000
B78: 46112 | C78: QZN-8E65 | D78: 20000 | E78: 1 | F78: =IFERROR(D78*E78,"") -> 20000
B79: 46112 | C79: TAB-2G94 | D79: 20000 | E79: 2 | F79: =IFERROR(D79*E79,"") -> 40000
B80: 46112 | C80: PHO-4D02 | D80: 25000 | E80: 2 | F80: =IFERROR(D80*E80,"") -> 50000
B81: 46112 | C81: PHO-4D32 | D81: 25000 | E81: 2 | F81: =IFERROR(D81*E81,"") -> 50000
B82: 46112 | C82: JXA-5543 | D82: 30000 | E82: 2 | F82: =IFERROR(D82*E82,"") -> 60000
F83: =SUM(F77:F82) -> 280000
B84: 46113 | C84: QZW-6A95 | D84: 30000 | F84: =IFERROR(D84*E89,"") -> 0
B85: 46113 | C85: QZN-8E65 | D85: 20000 | F85: =IFERROR(D85*E85,"") -> 0
B86: 46113 | C86: TAB-2G94 | D86: 20000 | F86: =IFERROR(D86*E86,"") -> 0
B87: 46113 | C87: PHO-4D02 | D87: 25000 | F87: =IFERROR(D87*E87,"") -> 0
B88: 46113 | C88: PHO-4D32 | D88: 25000 | F88: =IFERROR(D88*E88,"") -> 0
B89: 46113 | C89: JXA-5543 | D89: 30000 | F89: =IFERROR(D89*E89,"") -> 0
F90: =SUM(F84:F89) -> 0
B91: Data | C91: PLACA | D91: VOLUME | E91: VIAGENS | F91: TOTAL | G91: OBSERVAÇÕES
B92: 46162 | C92: NPB-4686 | D92: 20000 | E92: 2 | F92: =IFERROR(D92*E92,"") -> 40000
B93: 46162 | C93: QZN-8E65 | D93: 20000 | E93: 2 | F93: =IFERROR(D93*E93,"") -> 40000
B94: 46162 | C94: TAB-2G94 | D94: 20000 | E94: 2 | F94: 35000
F95: 115,00
B96: 46163 | C96: PHO-4D32 | D96: 25000 | E96: 1 | F96: =IFERROR(D96*E96,"") -> 25000 | G96: chegou na base ás 11:25
B97: 46163 | C97: JXA5463 | D97: 30000 | E97: 2 | F97: =IFERROR(D97*E97,"") -> 60000
B98: 46163 | C98: QZN-8E65 | D98: 20000 | E98: 2 | F98: =IFERROR(D98*E98,"") -> 40000
B99: 46163 | C99: TAB-2G94 | D99: 20000 | E99: 2 | F99: =IFERROR(D99*E99,"") -> 40000
F100: =SUM(F96:F99) -> 165000

Sheet Planilha1
B1: Adriano Paz | C1: PLACA | D1: CAPACIDADE | E1: VIAGEM | F1: TOTAL
B2: Alessandro Souza | C2: OAK-8G51 | D2: 25000 | F2: =E2*D2 -> 0
B3: Benedito Gomes | C3: QZW-6A95 | D3: 25000 | F3: =E3*D3 -> 0
B4: Caio Victor Pessoa | C4: PHO-4D02 | D4: 25000 | F4: =E4*D4 -> 0
B5: Carlos Alberto Noronha | C5: PHZ-8J44 | D5: 25000 | F5: =E5*D5 -> 0
B6: Daiton De Lima Costa | C6: PHO-4D32 | D6: 25000 | F6: =E6*D6 -> 0
B7: Edney Freitas | C7: JXA-5473 | D7: 30000 | F7: =E7*D7 -> 0
B8: Fabricio Silva E Silva | C8: JXA-5543 | D8: 30000 | F8: =E8*D8 -> 0
B9: Ismael Souza Da Silva | C9: JXA-4749 | D9: 30000 | F9: =E9*D9 -> 0
B10: Luiz Santos Amaral | C10: TAB-2G94 | D10: 20000 | F10: =E10*D10 -> 0
B11: Paulo Sergio Cordeiro | C11: NPB-4686 | D11: 20000 | F11: =E11*D11 -> 0
B12: Rogerio Moraes Da Silva | C12: QZN-8E65 | D12: 20000 | F12: =E12*D12 -> 0
B13: Wilmar Leao Filho | F13: =SUM(F2:F12) -> 0
B14: Raimundo Oderclei Cruz | E14: =_xlfn.XLOOKUP(B14,'Controle de CT'!B:B,'Controle de CT'!O:O,"")
B15: Ewertom Melo | E15: =_xlfn.XLOOKUP(B15,'Controle de CT'!B:B,'Controle de CT'!O:O,"")
B16: Adriano Paz | E16: =_xlfn.XLOOKUP(B16,'Controle de CT'!B:B,'Controle de CT'!O:O,"")
B17: Ronaldo Macena | E17: =_xlfn.XLOOKUP(B17,'Controle de CT'!B:B,'Controle de CT'!O:O,"")

Sheet Controle de CT
Q2: =TODAY() -> 46165
A3: Situação | B3: CIF | C3: FOB | D3: Transferência | E3: RZD | F3: Total FOB | G3: Totais
A4: Aguardando Entrada | B4: =COUNTIFS(Tabela1[Status],A4,Tabela1[Tipo de Frete],B3,Tabela1[Data],Q2) -> 2 | C4: =COUNTIFS(Tabela1[Status],A4,Tabela1[Tipo de Frete],C3,Tabela1[Data],Q2) -> 1 | D4: =COUNTIFS(Tabela1[Status],A4,Tabela1[Tipo de Frete],D3,Tabela1[Data],Q2) -> 0 | E4: =COUNTIFS(Tabela1[Status],A4,Tabela1[Tipo de Frete],E3,Tabela1[Data],Q2) -> 0 | F4: =SUM(C4,D4,E4) -> 1 | G4: =SUM(B4:E4) -> 3
A5: Fila de Carregamento | B5: =COUNTIFS(Tabela1[Status],A5,Tabela1[Tipo de Frete],B3,Tabela1[Data],Q2) -> 1 | C5: =COUNTIFS(Tabela1[Status],A5,Tabela1[Tipo de Frete],C3,Tabela1[Data],Q2) -> 1 | D5: =COUNTIFS(Tabela1[Status],A5,Tabela1[Tipo de Frete],D3,Tabela1[Data],Q2) -> 0 | E5: =COUNTIFS(Tabela1[Status],A5,Tabela1[Tipo de Frete],E3,Tabela1[Data],Q2) -> 0 | F5: =SUM(C5,D5,E5) -> 1 | G5: =SUM(B5:E5) -> 2
A6: Finalizado | B6: =COUNTIFS(Tabela1[Status],A6,Tabela1[Tipo de Frete],B3,Tabela1[Data],Q2) -> 1 | C6: =COUNTIFS(Tabela1[Status],A6,Tabela1[Tipo de Frete],C3,Tabela1[Data],Q2) -> 0 | D6: =COUNTIFS(Tabela1[Status],A6,Tabela1[Tipo de Frete],D3,Tabela1[Data],Q2) -> 0 | E6: =COUNTIFS(Tabela1[Status],A6,Tabela1[Tipo de Frete],E3,Tabela1[Data],Q2) -> 0 | F6: =SUM(C6,D6,E6) -> 0 | G6: =SUM(B6:D6) -> 1
A8: NÃO MEXER NA FÓRMULA ACIMA | K8: Data | L8: Motorista | M8: Tipo de Frete | N8: Status | O8: Viagens | P8: Chegada | Q8: Entrada | R8: Saída | S8: Nota Fiscal | T8: Tempo de Carregamento | U8: Tempo Total | V8: Observação | W8: Coluna1 | X8: Coluna2
K9: 46063 | L9: Benedito Gomes | M9: =IF(Tabela1[[#This Row],[Motorista]]="","",IFERROR(_xlfn.XLOOKUP(Tabela1[[#This Row],[Motorista]],Base!A:A,Base!B:B),"")) -> CIF | N9: =IF(R9<>"","Finalizado", IF(Q9<>"","Fila de Carregamento", IF(P9<>"","Aguardando Entrada",""))) -> Finalizado | O9: =IF(Tabela1[[#This Row],[Motorista]]="","",IF(COUNTIFS(Tabela1[Data],Tabela1[[#This Row],[Data]],Tabela1[Motorista],Tabela1[[#This Row],[Motorista]])=1,"1 viagem",COUNTIFS(Tabela1[Data],Tabela1[[#This Row],[Data]],Tabela1[Motorista],Tabela1[[#This Row],[Motorista]])&" viagens")) -> 2 viagens | P9: 0.21875 | Q9: 0.22291667 | R9: 0.25069444 | S9: Impresso | T9: =IF(OR(Tabela1[[#This Row],[Entrada]]="",Tabela1[[#This Row],[Saída]]=""), "", Tabela1[[#This Row],[Saída]]-Tabela1[[#This Row],[Entrada]]) -> 0.027777778 | U9: =IF(OR('Controle de CT'!$R9= "", 'Controle de CT'!$P9= ""), "", 'Controle de CT'!$R9-'Controle de CT'!$P9) -> 0.031944444 | X9: Coluna2
K10: 46063 | L10: David dos Santos | M10: =IF(Tabela1[[#This Row],[Motorista]]="","",IFERROR(_xlfn.XLOOKUP(Tabela1[[#This Row],[Motorista]],Base!A:A,Base!B:B),"")) -> FOB | N10: =IF(R10<>"","Finalizado", IF(Q10<>"","Fila de Carregamento", IF(P10<>"","Aguardando Entrada",""))) -> Finalizado | O10: =IF(Tabela1[[#This Row],[Motorista]]="","",IF(COUNTIFS(Tabela1[Data],Tabela1[[#This Row],[Data]],Tabela1[Motorista],Tabela1[[#This Row],[Motorista]])=1,"1 viagem",COUNTIFS(Tabela1[Data],Tabela1[[#This Row],[Data]],Tabela1[Motorista],Tabela1[[#This Row],[Motorista]])&" viagens")) -> 2 viagens | P10: 0.23611111 | Q10: 0.2375 | R10: 0.28125 | S10: Impresso | T10: =IF(OR(Tabela1[[#This Row],[Entrada]]="",Tabela1[[#This Row],[Saída]]=""), "", Tabela1[[#This Row],[Saída]]-Tabela1[[#This Row],[Entrada]]) -> 0.04375 | U10: =IF(OR('Controle de CT'!$R10= "", 'Controle de CT'!$P10= ""), "", 'Controle de CT'!$R10-'Controle de CT'!$P10) -> 0.045138889
K11: 46063 | L11: Marielson De Oliveira | M11: =IF(Tabela1[[#This Row],[Motorista]]="","",IFERROR(_xlfn.XLOOKUP(Tabela1[[#This Row],[Motorista]],Base!A:A,Base!B:B),"")) -> FOB | N11: =IF(R11<>"","Finalizado", IF(Q11<>"","Fila de Carregamento", IF(P11<>"","Aguardando Entrada",""))) -> Finalizado | O11: =IF(Tabela1[[#This Row],[Motorista]]="","",IF(COUNTIFS(Tabela1[Data],Tabela1[[#This Row],[Data]],Tabela1[Motorista],Tabela1[[#This Row],[Motorista]])=1,"1 viagem",COUNTIFS(Tabela1[Data],Tabela1[[#This Row],[Data]],Tabela1[Motorista],Tabela1[[#This Row],[Motorista]])&" viagens")) -> 2 viagens | P11: 0.27083333 | Q11: 0.32916667 | R11: 0.36805556 | S11: Impresso | T11: =IF(OR(Tabela1[[#This Row],[Entrada]]="",Tabela1[[#This Row],[Saída]]=""), "", Tabela1[[#This Row],[Saída]]-Tabela1[[#This Row],[Entrada]]) -> 0.038888889 | U11: =IF(OR('Controle de CT'!$R11= "", 'Controle de CT'!$P11= ""), "", 'Controle de CT'!$R11-'Controle de CT'!$P11) -> 0.097222222
K12: 46063 | L12: Valdemir Ângelo de Moraes | M12: =IF(Tabela1[[#This Row],[Motorista]]="","",IFERROR(_xlfn.XLOOKUP(Tabela1[[#This Row],[Motorista]],Base!A:A,Base!B:B),"")) -> RZD | N12: =IF(R12<>"","Finalizado", IF(Q12<>"","Fila de Carregamento", IF(P12<>"","Aguardando Entrada",""))) -> Finalizado | O12: =IF(Tabela1[[#This Row],[Motorista]]="","",IF(COUNTIFS(Tabela1[Data],Tabela1[[#This Row],[Data]],Tabela1[Motorista],Tabela1[[#This Row],[Motorista]])=1,"1 viagem",COUNTIFS(Tabela1[Data],Tabela1[[#This Row],[Data]],Tabela1[Motorista],Tabela1[[#This Row],[Motorista]])&" viagens")) -> 1 viagem | P12: 0.275 | Q12: 0.30694444 | R12: 0.33333333 | S12: Impresso | T12: =IF(OR(Tabela1[[#This Row],[Entrada]]="",Tabela1[[#This Row],[Saída]]=""), "", Tabela1[[#This Row],[Saída]]-Tabela1[[#This Row],[Entrada]]) -> 0.026388889 | U12: =IF(OR('Controle de CT'!$R12= "", 'Controle de CT'!$P12= ""), "", 'Controle de CT'!$R12-'Controle de CT'!$P12) -> 0.058333333
K13: 46063 | L13: Raimundo Oderclei Cruz | M13: =IF(Tabela1[[#This Row],[Motorista]]="","",IFERROR(_xlfn.XLOOKUP(Tabela1[[#This Row],[Motorista]],Base!A:A,Base!B:B),"")) -> CIF | N13: =IF(R13<>"","Finalizado", IF(Q13<>"","Fila de Carregamento", IF(P13<>"","Aguardando Entrada",""))) -> Finalizado | O13: =IF(Tabela1[[#This Row],[Motorista]]="","",IF(COUNTIFS(Tabela1[Data],Tabela1[[#This Row],[Data]],Tabela1[Motorista],Tabela1[[#This Row],[Motorista]])=1,"1 viagem",COUNTIFS(Tabela1[Data],Tabela1[[#This Row],[Data]],Tabela1[Motorista],Tabela1[[#This Row],[Motorista]])&" viagens")) -> 1 viagem | P13: 0.29236111 | Q13: 0.31388889 | R13: 0.34375 | S13: Impresso | T13: =IF(OR(Tabela1[[#This Row],[Entrada]]="",Tabela1[[#This Row],[Saída]]=""), "", Tabela1[[#This Row],[Saída]]-Tabela1[[#This Row],[Entrada]]) -> 0.029861111 | U13: =IF(OR('Controle de CT'!$R13= "", 'Controle de CT'!$P13= ""), "", 'Controle de CT'!$R13-'Controle de CT'!$P13) -> 0.051388889
K14: 46063 | L14: Caio Victor Pessoa | M14: =IF(Tabela1[[#This Row],[Motorista]]="","",IFERROR(_xlfn.XLOOKUP(Tabela1[[#This Row],[Motorista]],Base!A:A,Base!B:B),"")) -> CIF | N14: =IF(R14<>"","Finalizado", IF(Q14<>"","Fila de Carregamento", IF(P14<>"","Aguardando Entrada",""))) -> Finalizado | O14: =IF(Tabela1[[#This Row],[Motorista]]="","",IF(COUNTIFS(Tabela1[Data],Tabela1[[#This Row],[Data]],Tabela1[Motorista],Tabela1[[#This Row],[Motorista]])=1,"1 viagem",COUNTIFS(Tabela1[Data],Tabela1[[#This Row],[Data]],Tabela1[Motorista],Tabela1[[#This Row],[Motorista]])&" viagens")) -> 1 viagem | P14: 0.31388889 | Q14: 0.32916667 | R14: 0.36805556 | S14: Impresso | T14: =IF(OR(Tabela1[[#This Row],[Entrada]]="",Tabela1[[#This Row],[Saída]]=""), "", Tabela1[[#This Row],[Saída]]-Tabela1[[#This Row],[Entrada]]) -> 0.038888889 | U14: =IF(OR('Controle de CT'!$R14= "", 'Controle de CT'!$P14= ""), "", 'Controle de CT'!$R14-'Controle de CT'!$P14) -> 0.054166667
K15: 46063 | L15: Jose Osvaldir Queiroz | M15: =IF(Tabela1[[#This Row],[Motorista]]="","",IFERROR(_xlfn.XLOOKUP(Tabela1[[#This Row],[Motorista]],Base!A:A,Base!B:B),"")) -> FOB | N15: =IF(R15<>"","Finalizado", IF(Q15<>"","Fila de Carregamento", IF(P15<>"","Aguardando Entrada",""))) -> Finalizado | O15: =IF(Tabela1[[#This Row],[Motorista]]="","",IF(COUNTIFS(Tabela1[Data],Tabela1[[#This Row],[Data]],Tabela1[Motorista],Tabela1[[#This Row],[Motorista]])=1,"1 viagem",COUNTIFS(Tabela1[Data],Tabela1[[#This Row],[Data]],Tabela1[Motorista],Tabela1[[#This Row],[Motorista]])&" viagens")) -> 2 viagens | P15: 0.31527778 | Q15: 0.37986111 | R15: 0.42430556 | S15: Impresso | T15: =IF(OR(Tabela1[[#This Row],[Entrada]]="",Tabela1[[#This Row],[Saída]]=""), "", Tabela1[[#This Row],[Saída]]-Tabela1[[#This Row],[Entrada]]) -> 0.044444444 | U15: =IF(OR('Controle de CT'!$R15= "", 'Controle de CT'!$P15= ""), "", 'Controle de CT'!$R15-'Controle de CT'!$P15) -> 0.10902778
K16: 46063 | L16: Julio Cesar dos Santos | M16: =IF(Tabela1[[#This Row],[Motorista]]="","",IFERROR(_xlfn.XLOOKUP(Tabela1[[#This Row],[Motorista]],Base!A:A,Base!B:B),"")) -> FOB | N16: =IF(R16<>"","Finalizado", IF(Q16<>"","Fila de Carregamento", IF(P16<>"","Aguardando Entrada",""))) -> Finalizado | O16: =IF(Tabela1[[#This Row],[Motorista]]="","",IF(COUNTIFS(Tabela1[Data],Tabela1[[#This Row],[Data]],Tabela1[Motorista],Tabela1[[#This Row],[Motorista]])=1,"1 viagem",COUNTIFS(Tabela1[Data],Tabela1[[#This Row],[Data]],Tabela1[Motorista],Tabela1[[#This Row],[Motorista]])&" viagens")) -> 1 viagem | P16: 0.32569444 | Q16: 0.37222222 | R16: 0.42708333 | S16: Impresso | T16: =IF(OR(Tabela1[[#This Row],[Entrada]]="",Tabela1[[#This Row],[Saída]]=""), "", Tabela1[[#This Row],[Saída]]-Tabela1[[#This Row],[Entrada]]) -> 0.054861111 | U16: =IF(OR('Controle de CT'!$R16= "", 'Controle de CT'!$P16= ""), "", 'Controle de CT'!$R16-'Controle de CT'!$P16) -> 0.10138889
K17: 46063 | L17: Kalebe Oliveira da Silva | M17: =IF(Tabela1[[#This Row],[Motorista]]="","",IFERROR(_xlfn.XLOOKUP(Tabela1[[#This Row],[Motorista]],Base!A:A,Base!B:B),"")) -> FOB | N17: =IF(R17<>"","Finalizado", IF(Q17<>"","Fila de Carregamento", IF(P17<>"","Aguardando Entrada",""))) -> Finalizado | O17: =IF(Tabela1[[#This Row],[Motorista]]="","",IF(COUNTIFS(Tabela1[Data],Tabela1[[#This Row],[Data]],Tabela1[Motorista],Tabela1[[#This Row],[Motorista]])=1,"1 viagem",COUNTIFS(Tabela1[Data],Tabela1[[#This Row],[Data]],Tabela1[Motorista],Tabela1[[#This Row],[Motorista]])&" viagens")) -> 2 viagens | P17: 0.33958333 | Q17: 0.30347222 | R17: 0.41666667 | S17: Impresso | T17: =IF(OR(Tabela1[[#This Row],[Entrada]]="",Tabela1[[#This Row],[Saída]]=""), "", Tabela1[[#This Row],[Saída]]-Tabela1[[#This Row],[Entrada]]) -> 0.11319444 | U17: =IF(OR('Controle de CT'!$R17= "", 'Controle de CT'!$P17= ""), "", 'Controle de CT'!$R17-'Controle de CT'!$P17) -> 0.077083333
K18: 46063 | L18: Said Pereira Rabelo | M18: =IF(Tabela1[[#This Row],[Motorista]]="","",IFERROR(_xlfn.XLOOKUP(Tabela1[[#This Row],[Motorista]],Base!A:A,Base!B:B),"")) -> FOB | N18: =IF(R18<>"","Finalizado", IF(Q18<>"","Fila de Carregamento", IF(P18<>"","Aguardando Entrada",""))) -> Finalizado | O18: =IF(Tabela1[[#This Row],[Motorista]]="","",IF(COUNTIFS(Tabela1[Data],Tabela1[[#This Row],[Data]],Tabela1[Motorista],Tabela1[[#This Row],[Motorista]])=1,"1 viagem",COUNTIFS(Tabela1[Data],Tabela1[[#This Row],[Data]],Tabela1[Motorista],Tabela1[[#This Row],[Motorista]])&" viagens")) -> 1 viagem | P18: 0.34097222 | Q18: 0.37986111 | R18: 0.43055556 | S18: Impresso | T18: =IF(OR(Tabela1[[#This Row],[Entrada]]="",Tabela1[[#This Row],[Saída]]=""), "", Tabela1[[#This Row],[Saída]]-Tabela1[[#This Row],[Entrada]]) -> 0.050694444 | U18: =IF(OR('Controle de CT'!$R18= "", 'Controle de CT'!$P18= ""), "", 'Controle de CT'!$R18-'Controle de CT'!$P18) -> 0.089583333
K19: 46063 | L19: Andre Pereira de Oliveira | M19: =IF(Tabela1[[#This Row],[Motorista]]="","",IFERROR(_xlfn.XLOOKUP(Tabela1[[#This Row],[Motorista]],Base!A:A,Base!B:B),"")) -> FOB | N19: =IF(R19<>"","Finalizado", IF(Q19<>"","Fila de Carregamento", IF(P19<>"","Aguardando Entrada",""))) -> Finalizado | O19: =IF(Tabela1[[#This Row],[Motorista]]="","",IF(COUNTIFS(Tabela1[Data],Tabela1[[#This Row],[Data]],Tabela1[Motorista],Tabela1[[#This Row],[Motorista]])=1,"1 viagem",COUNTIFS(Tabela1[Data],Tabela1[[#This Row],[Data]],Tabela1[Motorista],Tabela1[[#This Row],[Motorista]])&" viagens")) -> 2 viagens | P19: 0.38333333 | Q19: 0.50694444 | R19: 13;15 | S19: Impresso | T19: =IF(OR(Tabela1[[#This Row],[Entrada]]="",Tabela1[[#This Row],[Saída]]=""), "", Tabela1[[#This Row],[Saída]]-Tabela1[[#This Row],[Entrada]]) -> #VALUE! | U19: =IF(OR('Controle de CT'!$R19= "", 'Controle de CT'!$P19= ""), "", 'Controle de CT'!$R19-'Controle de CT'!$P19) -> #VALUE!
K20: 46063 | L20: Benedito Gomes | M20: =IF(Tabela1[[#This Row],[Motorista]]="","",IFERROR(_xlfn.XLOOKUP(Tabela1[[#This Row],[Motorista]],Base!A:A,Base!B:B),"")) -> CIF | N20: =IF(R20<>"","Finalizado", IF(Q20<>"","Fila de Carregamento", IF(P20<>"","Aguardando Entrada",""))) -> Finalizado | O20: =IF(Tabela1[[#This Row],[Motorista]]="","",IF(COUNTIFS(Tabela1[Data],Tabela1[[#This Row],[Data]],Tabela1[Motorista],Tabela1[[#This Row],[Motorista]])=1,"1 viagem",COUNTIFS(Tabela1[Data],Tabela1[[#This Row],[Data]],Tabela1[Motorista],Tabela1[[#This Row],[Motorista]])&" viagens")) -> 2 viagens | P20: 0.38888889 | Q20: 0.39583333 | R20: 0.44444444 | S20: Impresso | T20: =IF(OR(Tabela1[[#This Row],[Entrada]]="",Tabela1[[#This Row],[Saída]]=""), "", Tabela1[[#This Row],[Saída]]-Tabela1[[#This Row],[Entrada]]) -> 0.048611111 | U20: =IF(OR('Controle de CT'!$R20= "", 'Controle de CT'!$P20= ""), "", 'Controle de CT'!$R20-'Controle de CT'!$P20) -> 0.055555556
K21: 46063 | L21: Ismael Souza Da Silva | M21: =IF(Tabela1[[#This Row],[Motorista]]="","",IFERROR(_xlfn.XLOOKUP(Tabela1[[#This Row],[Motorista]],Base!A:A,Base!B:B),"")) -> CIF | N21: =IF(R21<>"","Finalizado", IF(Q21<>"","Fila de Carregamento", IF(P21<>"","Aguardando Entrada",""))) -> Finalizado | O21: =IF(Tabela1[[#This Row],[Motorista]]="","",IF(COUNTIFS(Tabela1[Data],Tabela1[[#This Row],[Data]],Tabela1[Motorista],Tabela1[[#This Row],[Motorista]])=1,"1 viagem",COUNTIFS(Tabela1[Data],Tabela1[[#This Row],[Data]],Tabela1[Motorista],Tabela1[[#This Row],[Motorista]])&" viagens")) -> 1 viagem | P21: 0.39236111 | Q21: 0.40972222 | R21: 0.45138889 | S21: Impresso | T21: =IF(OR(Tabela1[[#This Row],[Entrada]]="",Tabela1[[#This Row],[Saída]]=""), "", Tabela1[[#This Row],[Saída]]-Tabela1[[#This Row],[Entrada]]) -> 0.041666667 | U21: =IF(OR('Controle de CT'!$R21= "", 'Controle de CT'!$P21= ""), "", 'Controle de CT'!$R21-'Controle de CT'!$P21) -> 0.059027778
K22: 46063 | L22: David dos Santos | M22: =IF(Tabela1[[#This Row],[Motorista]]="","",IFERROR(_xlfn.XLOOKUP(Tabela1[[#This Row],[Motorista]],Base!A:A,Base!B:B),"")) -> FOB | N22: =IF(R22<>"","Finalizado", IF(Q22<>"","Fila de Carregamento", IF(P22<>"","Aguardando Entrada",""))) -> Finalizado | O22: =IF(Tabela1[[#This Row],[Motorista]]="","",IF(COUNTIFS(Tabela1[Data],Tabela1[[#This Row],[Data]],Tabela1[Motorista],Tabela1[[#This Row],[Motorista]])=1,"1 viagem",COUNTIFS(Tabela1[Data],Tabela1[[#This Row],[Data]],Tabela1[Motorista],Tabela1[[#This Row],[Motorista]])&" viagens")) -> 2 viagens | P22: 0.44097222 | Q22: 0.4625 | R22: 0.50555556 | S22: Impresso | T22: =IF(OR(Tabela1[[#This Row],[Entrada]]="",Tabela1[[#This Row],[Saída]]=""), "", Tabela1[[#This Row],[Saída]]-Tabela1[[#This Row],[Entrada]]) -> 0.043055556 | U22: =IF(OR('Controle de CT'!$R22= "", 'Controle de CT'!$P22= ""), "", 'Controle de CT'!$R22-'Controle de CT'!$P22) -> 0.064583333
K23: 46063 | L23: Marielson De Oliveira | M23: =IF(Tabela1[[#This Row],[Motorista]]="","",IFERROR(_xlfn.XLOOKUP(Tabela1[[#This Row],[Motorista]],Base!A:A,Base!B:B),"")) -> FOB | N23: =IF(R23<>"","Finalizado", IF(Q23<>"","Fila de Carregamento", IF(P23<>"","Aguardando Entrada",""))) -> Finalizado | O23: =IF(Tabela1[[#This Row],[Motorista]]="","",IF(COUNTIFS(Tabela1[Data],Tabela1[[#This Row],[Data]],Tabela1[Motorista],Tabela1[[#This Row],[Motorista]])=1,"1 viagem",COUNTIFS(Tabela1[Data],Tabela1[[#This Row],[Data]],Tabela1[Motorista],Tabela1[[#This Row],[Motorista]])&" viagens")) -> 2 viagens | P23: 0.47430556 | Q23: 0.50763889 | R23: 0.54375 | S23: Impresso | T23: =IF(OR(Tabela1[[#This Row],[Entrada]]="",Tabela1[[#This Row],[Saída]]=""), "", Tabela1[[#This Row],[Saída]]-Tabela1[[#This Row],[Entrada]]) -> 0.036111111 | U23: =IF(OR('Controle de CT'!$R23= "", 'Controle de CT'!$P23= ""), "", 'Controle de CT'!$R23-'Controle de CT'!$P23) -> 0.069444444
K24: 46063 | L24: Juan Ricardo | M24: =IF(Tabela1[[#This Row],[Motorista]]="","",IFERROR(_xlfn.XLOOKUP(Tabela1[[#This Row],[Motorista]],Base!A:A,Base!B:B),"")) -> FOB | N24: =IF(R24<>"","Finalizado", IF(Q24<>"","Fila de Carregamento", IF(P24<>"","Aguardando Entrada",""))) -> Finalizado | O24: =IF(Tabela1[[#This Row],[Motorista]]="","",IF(COUNTIFS(Tabela1[Data],Tabela1[[#This Row],[Data]],Tabela1[Motorista],Tabela1[[#This Row],[Motorista]])=1,"1 viagem",COUNTIFS(Tabela1[Data],Tabela1[[#This Row],[Data]],Tabela1[Motorista],Tabela1[[#This Row],[Motorista]])&" viagens")) -> 1 viagem | P24: 0.51944444 | Q24: 0.54652778 | R24: 0.57013889 | S24: Impresso | T24: =IF(OR(Tabela1[[#This Row],[Entrada]]="",Tabela1[[#This Row],[Saída]]=""), "", Tabela1[[#This Row],[Saída]]-Tabela1[[#This Row],[Entrada]]) -> 0.023611111 | U24: =IF(OR('Controle de CT'!$R24= "", 'Controle de CT'!$P24= ""), "", 'Controle de CT'!$R24-'Controle de CT'!$P24) -> 0.050694444
K25: 46063 | L25: Denir Lucena | M25: =IF(Tabela1[[#This Row],[Motorista]]="","",IFERROR(_xlfn.XLOOKUP(Tabela1[[#This Row],[Motorista]],Base!A:A,Base!B:B),"")) -> Transferência | N25: =IF(R25<>"","Finalizado", IF(Q25<>"","Fila de Carregamento", IF(P25<>"","Aguardando Entrada",""))) -> Fila de Carregamento | O25: =IF(Tabela1[[#This Row],[Motorista]]="","",IF(COUNTIFS(Tabela1[Data],Tabela1[[#This Row],[Data]],Tabela1[Motorista],Tabela1[[#This Row],[Motorista]])=1,"1 viagem",COUNTIFS(Tabela1[Data],Tabela1[[#This Row],[Data]],Tabela1[Motorista],Tabela1[[#This Row],[Motorista]])&" viagens")) -> 1 viagem | P25: 0.54166667 | Q25: 0.54513889 | S25: Pendente | T25: =IF(OR(Tabela1[[#This Row],[Entrada]]="",Tabela1[[#This Row],[Saída]]=""), "", Tabela1[[#This Row],[Saída]]-Tabela1[[#This Row],[Entrada]]) | U25: =IF(OR('Controle de CT'!$R25= "", 'Controle de CT'!$P25= ""), "", 'Controle de CT'!$R25-'Controle de CT'!$P25)
K26: 46063 | L26: Francisco Nonato | M26: =IF(Tabela1[[#This Row],[Motorista]]="","",IFERROR(_xlfn.XLOOKUP(Tabela1[[#This Row],[Motorista]],Base!A:A,Base!B:B),"")) -> FOB | N26: =IF(R26<>"","Finalizado", IF(Q26<>"","Fila de Carregamento", IF(P26<>"","Aguardando Entrada",""))) -> Fila de Carregamento | O26: =IF(Tabela1[[#This Row],[Motorista]]="","",IF(COUNTIFS(Tabela1[Data],Tabela1[[#This Row],[Data]],Tabela1[Motorista],Tabela1[[#This Row],[Motorista]])=1,"1 viagem",COUNTIFS(Tabela1[Data],Tabela1[[#This Row],[Data]],Tabela1[Motorista],Tabela1[[#This Row],[Motorista]])&" viagens")) -> 1 viagem | P26: 0.53819444 | Q26: 0.55138889 | S26: Pendente | T26: =IF(OR(Tabela1[[#This Row],[Entrada]]="",Tabela1[[#This Row],[Saída]]=""), "", Tabela1[[#This Row],[Saída]]-Tabela1[[#This Row],[Entrada]]) | U26: =IF(OR('Controle de CT'!$R26= "", 'Controle de CT'!$P26= ""), "", 'Controle de CT'!$R26-'Controle de CT'!$P26)
K27: 46063 | L27: Jose Osvaldir Queiroz | M27: =IF(Tabela1[[#This Row],[Motorista]]="","",IFERROR(_xlfn.XLOOKUP(Tabela1[[#This Row],[Motorista]],Base!A:A,Base!B:B),"")) -> FOB | N27: =IF(R27<>"","Finalizado", IF(Q27<>"","Fila de Carregamento", IF(P27<>"","Aguardando Entrada",""))) -> Fila de Carregamento | O27: =IF(Tabela1[[#This Row],[Motorista]]="","",IF(COUNTIFS(Tabela1[Data],Tabela1[[#This Row],[Data]],Tabela1[Motorista],Tabela1[[#This Row],[Motorista]])=1,"1 viagem",COUNTIFS(Tabela1[Data],Tabela1[[#This Row],[Data]],Tabela1[Motorista],Tabela1[[#This Row],[Motorista]])&" viagens")) -> 2 viagens | P27: 0.54652778 | Q27: 0.55833333 | S27: Pendente | T27: =IF(OR(Tabela1[[#This Row],[Entrada]]="",Tabela1[[#This Row],[Saída]]=""), "", Tabela1[[#This Row],[Saída]]-Tabela1[[#This Row],[Entrada]]) | U27: =IF(OR('Controle de CT'!$R27= "", 'Controle de CT'!$P27= ""), "", 'Controle de CT'!$R27-'Controle de CT'!$P27)
K28: 46063 | L28: Rosiney de Cruz de Souza | M28: =IF(Tabela1[[#This Row],[Motorista]]="","",IFERROR(_xlfn.XLOOKUP(Tabela1[[#This Row],[Motorista]],Base!A:A,Base!B:B),"")) -> RZD | N28: =IF(R28<>"","Finalizado", IF(Q28<>"","Fila de Carregamento", IF(P28<>"","Aguardando Entrada",""))) -> Aguardando Entrada | O28: =IF(Tabela1[[#This Row],[Motorista]]="","",IF(COUNTIFS(Tabela1[Data],Tabela1[[#This Row],[Data]],Tabela1[Motorista],Tabela1[[#This Row],[Motorista]])=1,"1 viagem",COUNTIFS(Tabela1[Data],Tabela1[[#This Row],[Data]],Tabela1[Motorista],Tabela1[[#This Row],[Motorista]])&" viagens")) -> 1 viagem | P28: 0.61388889 | T28: =IF(OR(Tabela1[[#This Row],[Entrada]]="",Tabela1[[#This Row],[Saída]]=""), "", Tabela1[[#This Row],[Saída]]-Tabela1[[#This Row],[Entrada]]) | U28: =IF(OR('Controle de CT'!$R28= "", 'Controle de CT'!$P28= ""), "", 'Controle de CT'!$R28-'Controle de CT'!$P28)
K29: 46063 | L29: Jose Rogerio | M29: =IF(Tabela1[[#This Row],[Motorista]]="","",IFERROR(_xlfn.XLOOKUP(Tabela1[[#This Row],[Motorista]],Base!A:A,Base!B:B),"")) -> Transferência | N29: =IF(R29<>"","Finalizado", IF(Q29<>"","Fila de Carregamento", IF(P29<>"","Aguardando Entrada",""))) -> Aguardando Entrada | O29: =IF(Tabela1[[#This Row],[Motorista]]="","",IF(COUNTIFS(Tabela1[Data],Tabela1[[#This Row],[Data]],Tabela1[Motorista],Tabela1[[#This Row],[Motorista]])=1,"1 viagem",COUNTIFS(Tabela1[Data],Tabela1[[#This Row],[Data]],Tabela1[Motorista],Tabela1[[#This Row],[Motorista]])&" viagens")) -> 1 viagem | P29: 0.65902778 | T29: =IF(OR(Tabela1[[#This Row],[Entrada]]="",Tabela1[[#This Row],[Saída]]=""), "", Tabela1[[#This Row],[Saída]]-Tabela1[[#This Row],[Entrada]]) | U29: =IF(OR('Controle de CT'!$R29= "", 'Controle de CT'!$P29= ""), "", 'Controle de CT'!$R29-'Controle de CT'!$P29)
K30: 46063 | L30: Kalebe Oliveira da Silva | M30: =IF(Tabela1[[#This Row],[Motorista]]="","",IFERROR(_xlfn.XLOOKUP(Tabela1[[#This Row],[Motorista]],Base!A:A,Base!B:B),"")) -> FOB | N30: =IF(R30<>"","Finalizado", IF(Q30<>"","Fila de Carregamento", IF(P30<>"","Aguardando Entrada",""))) -> Finalizado | O30: =IF(Tabela1[[#This Row],[Motorista]]="","",IF(COUNTIFS(Tabela1[Data],Tabela1[[#This Row],[Data]],Tabela1[Motorista],Tabela1[[#This Row],[Motorista]])=1,"1 viagem",COUNTIFS(Tabela1[Data],Tabela1[[#This Row],[Data]],Tabela1[Motorista],Tabela1[[#This Row],[Motorista]])&" viagens")) -> 2 viagens | P30: 0.5625 | Q30: 0.58333333 | R30: 0.66597222 | S30: Impresso | T30: =IF(OR(Tabela1[[#This Row],[Entrada]]="",Tabela1[[#This Row],[Saída]]=""), "", Tabela1[[#This Row],[Saída]]-Tabela1[[#This Row],[Entrada]]) -> 0.082638889 | U30: =IF(OR('Controle de CT'!$R30= "", 'Controle de CT'!$P30= ""), "", 'Controle de CT'!$R30-'Controle de CT'!$P30) -> 0.10347222
K31: 46063 | L31: Andre Pereira de Oliveira | M31: =IF(Tabela1[[#This Row],[Motorista]]="","",IFERROR(_xlfn.XLOOKUP(Tabela1[[#This Row],[Motorista]],Base!A:A,Base!B:B),"")) -> FOB | N31: =IF(R31<>"","Finalizado", IF(Q31<>"","Fila de Carregamento", IF(P31<>"","Aguardando Entrada",""))) -> Aguardando Entrada | O31: =IF(Tabela1[[#This Row],[Motorista]]="","",IF(COUNTIFS(Tabela1[Data],Tabela1[[#This Row],[Data]],Tabela1[Motorista],Tabela1[[#This Row],[Motorista]])=1,"1 viagem",COUNTIFS(Tabela1[Data],Tabela1[[#This Row],[Data]],Tabela1[Motorista],Tabela1[[#This Row],[Motorista]])&" viagens")) -> 2 viagens | P31: 0.68472222 | T31: =IF(OR(Tabela1[[#This Row],[Entrada]]="",Tabela1[[#This Row],[Saída]]=""), "", Tabela1[[#This Row],[Saída]]-Tabela1[[#This Row],[Entrada]]) | U31: =IF(OR('Controle de CT'!$R31= "", 'Controle de CT'!$P31= ""), "", 'Controle de CT'!$R31-'Controle de CT'!$P31)
K32: 46064 | L32: David dos Santos | M32: =IF(Tabela1[[#This Row],[Motorista]]="","",IFERROR(_xlfn.XLOOKUP(Tabela1[[#This Row],[Motorista]],Base!A:A,Base!B:B),"")) -> FOB | N32: =IF(R32<>"","Finalizado", IF(Q32<>"","Fila de Carregamento", IF(P32<>"","Aguardando Entrada",""))) -> Finalizado | O32: =IF(Tabela1[[#This Row],[Motorista]]="","",IF(COUNTIFS(Tabela1[Data],Tabela1[[#This Row],[Data]],Tabela1[Motorista],Tabela1[[#This Row],[Motorista]])=1,"1 viagem",COUNTIFS(Tabela1[Data],Tabela1[[#This Row],[Data]],Tabela1[Motorista],Tabela1[[#This Row],[Motorista]])&" viagens")) -> 2 viagens | P32: 0.25277778 | Q32: 0.29444444 | R32: 0.33333333 | S32: Impresso | T32: =IF(OR(Tabela1[[#This Row],[Entrada]]="",Tabela1[[#This Row],[Saída]]=""), "", Tabela1[[#This Row],[Saída]]-Tabela1[[#This Row],[Entrada]]) -> 0.038888889 | U32: =IF(OR('Controle de CT'!$R32= "", 'Controle de CT'!$P32= ""), "", 'Controle de CT'!$R32-'Controle de CT'!$P32) -> 0.080555556
K33: 46064 | L33: Marielson De Oliveira | M33: =IF(Tabela1[[#This Row],[Motorista]]="","",IFERROR(_xlfn.XLOOKUP(Tabela1[[#This Row],[Motorista]],Base!A:A,Base!B:B),"")) -> FOB | N33: =IF(R33<>"","Finalizado", IF(Q33<>"","Fila de Carregamento", IF(P33<>"","Aguardando Entrada",""))) -> Finalizado | O33: =IF(Tabela1[[#This Row],[Motorista]]="","",IF(COUNTIFS(Tabela1[Data],Tabela1[[#This Row],[Data]],Tabela1[Motorista],Tabela1[[#This Row],[Motorista]])=1,"1 viagem",COUNTIFS(Tabela1[Data],Tabela1[[#This Row],[Data]],Tabela1[Motorista],Tabela1[[#This Row],[Motorista]])&" viagens")) -> 2 viagens | P33: 0.24791667 | Q33: 0.29236111 | R33: 0.33333333 | S33: Impresso | T33: =IF(OR(Tabela1[[#This Row],[Entrada]]="",Tabela1[[#This Row],[Saída]]=""), "", Tabela1[[#This Row],[Saída]]-Tabela1[[#This Row],[Entrada]]) -> 0.040972222 | U33: =IF(OR('Controle de CT'!$R33= "", 'Controle de CT'!$P33= ""), "", 'Controle de CT'!$R33-'Controle de CT'!$P33) -> 0.085416667
K34: 46064 | L34: Julio Cesar dos Santos | M34: =IF(Tabela1[[#This Row],[Motorista]]="","",IFERROR(_xlfn.XLOOKUP(Tabela1[[#This Row],[Motorista]],Base!A:A,Base!B:B),"")) -> FOB | N34: =IF(R34<>"","Finalizado", IF(Q34<>"","Fila de Carregamento", IF(P34<>"","Aguardando Entrada",""))) -> Finalizado | O34: =IF(Tabela1[[#This Row],[Motorista]]="","",IF(COUNTIFS(Tabela1[Data],Tabela1[[#This Row],[Data]],Tabela1[Motorista],Tabela1[[#This Row],[Motorista]])=1,"1 viagem",COUNTIFS(Tabela1[Data],Tabela1[[#This Row],[Data]],Tabela1[Motorista],Tabela1[[#This Row],[Motorista]])&" viagens")) -> 1 viagem | P34: 0.24930556 | Q34: 0.32361111 | R34: 3.3541667 | S34: Impresso | T34: =IF(OR(Tabela1[[#This Row],[Entrada]]="",Tabela1[[#This Row],[Saída]]=""), "", Tabela1[[#This Row],[Saída]]-Tabela1[[#This Row],[Entrada]]) -> 3.0305556 | U34: =IF(OR('Controle de CT'!$R34= "", 'Controle de CT'!$P34= ""), "", 'Controle de CT'!$R34-'Controle de CT'!$P34) -> 3.1048611
K35: 46064 | L35: Edney Freitas | M35: =IF(Tabela1[[#This Row],[Motorista]]="","",IFERROR(_xlfn.XLOOKUP(Tabela1[[#This Row],[Motorista]],Base!A:A,Base!B:B),"")) -> CIF | N35: =IF(R35<>"","Finalizado", IF(Q35<>"","Fila de Carregamento", IF(P35<>"","Aguardando Entrada",""))) -> Finalizado | O35: =IF(Tabela1[[#This Row],[Motorista]]="","",IF(COUNTIFS(Tabela1[Data],Tabela1[[#This Row],[Data]],Tabela1[Motorista],Tabela1[[#This Row],[Motorista]])=1,"1 viagem",COUNTIFS(Tabela1[Data],Tabela1[[#This Row],[Data]],Tabela1[Motorista],Tabela1[[#This Row],[Motorista]])&" viagens")) -> 2 viagens | P35: 0.27222222 | Q35: 0.27847222 | R35: 0.3375 | S35: Impresso | T35: =IF(OR(Tabela1[[#This Row],[Entrada]]="",Tabela1[[#This Row],[Saída]]=""), "", Tabela1[[#This Row],[Saída]]-Tabela1[[#This Row],[Entrada]]) -> 0.059027778 | U35: =IF(OR('Controle de CT'!$R35= "", 'Controle de CT'!$P35= ""), "", 'Controle de CT'!$R35-'Controle de CT'!$P35) -> 0.065277778
K36: 46064 | L36: Carlos Alberto Noronha | M36: =IF(Tabela1[[#This Row],[Motorista]]="","",IFERROR(_xlfn.XLOOKUP(Tabela1[[#This Row],[Motorista]],Base!A:A,Base!B:B),"")) -> CIF | N36: =IF(R36<>"","Finalizado", IF(Q36<>"","Fila de Carregamento", IF(P36<>"","Aguardando Entrada",""))) -> Finalizado | O36: =IF(Tabela1[[#This Row],[Motorista]]="","",IF(COUNTIFS(Tabela1[Data],Tabela1[[#This Row],[Data]],Tabela1[Motorista],Tabela1[[#This Row],[Motorista]])=1,"1 viagem",COUNTIFS(Tabela1[Data],Tabela1[[#This Row],[Data]],Tabela1[Motorista],Tabela1[[#This Row],[Motorista]])&" viagens")) -> 1 viagem | P36: 0.29166667 | Q36: 0.29583333 | R36: 0.38055556 | S36: Impresso | T36: =IF(OR(Tabela1[[#This Row],[Entrada]]="",Tabela1[[#This Row],[Saída]]=""), "", Tabela1[[#This Row],[Saída]]-Tabela1[[#This Row],[Entrada]]) -> 0.084722222 | U36: =IF(OR('Controle de CT'!$R36= "", 'Controle de CT'!$P36= ""), "", 'Controle de CT'!$R36-'Controle de CT'!$P36) -> 0.088888889
K37: 46064 | L37: Daiton De Lima Costa | M37: =IF(Tabela1[[#This Row],[Motorista]]="","",IFERROR(_xlfn.XLOOKUP(Tabela1[[#This Row],[Motorista]],Base!A:A,Base!B:B),"")) -> CIF | N37: =IF(R37<>"","Finalizado", IF(Q37<>"","Fila de Carregamento", IF(P37<>"","Aguardando Entrada",""))) -> Finalizado | O37: =IF(Tabela1[[#This Row],[Motorista]]="","",IF(COUNTIFS(Tabela1[Data],Tabela1[[#This Row],[Data]],Tabela1[Motorista],Tabela1[[#This Row],[Motorista]])=1,"1 viagem",COUNTIFS(Tabela1[Data],Tabela1[[#This Row],[Data]],Tabela1[Motorista],Tabela1[[#This Row],[Motorista]])&" viagens")) -> 1 viagem | P37: 0.28888889 | Q37: 0.29444444 | R37: 0.35416667 | S37: Impresso | T37: =IF(OR(Tabela1[[#This Row],[Entrada]]="",Tabela1[[#This Row],[Saída]]=""), "", Tabela1[[#This Row],[Saída]]-Tabela1[[#This Row],[Entrada]]) -> 0.059722222 | U37: =IF(OR('Controle de CT'!$R37= "", 'Controle de CT'!$P37= ""), "", 'Controle de CT'!$R37-'Controle de CT'!$P37) -> 0.065277778
K38: 46064 | L38: Raimundo Oderclei Cruz | M38: =IF(Tabela1[[#This Row],[Motorista]]="","",IFERROR(_xlfn.XLOOKUP(Tabela1[[#This Row],[Motorista]],Base!A:A,Base!B:B),"")) -> CIF | N38: =IF(R38<>"","Finalizado", IF(Q38<>"","Fila de Carregamento", IF(P38<>"","Aguardando Entrada",""))) -> Finalizado | O38: =IF(Tabela1[[#This Row],[Motorista]]="","",IF(COUNTIFS(Tabela1[Data],Tabela1[[#This Row],[Data]],Tabela1[Motorista],Tabela1[[#This Row],[Motorista]])=1,"1 viagem",COUNTIFS(Tabela1[Data],Tabela1[[#This Row],[Data]],Tabela1[Motorista],Tabela1[[#This Row],[Motorista]])&" viagens")) -> 1 viagem | P38: 0.28958333 | Q38: 0.32083333 | R38: 0.375 | S38: Impresso | T38: =IF(OR(Tabela1[[#This Row],[Entrada]]="",Tabela1[[#This Row],[Saída]]=""), "", Tabela1[[#This Row],[Saída]]-Tabela1[[#This Row],[Entrada]]) -> 0.054166667 | U38: =IF(OR('Controle de CT'!$R38= "", 'Controle de CT'!$P38= ""), "", 'Controle de CT'!$R38-'Controle de CT'!$P38) -> 0.085416667
K39: 46064 | L39: Wilmar Leao Filho | M39: =IF(Tabela1[[#This Row],[Motorista]]="","",IFERROR(_xlfn.XLOOKUP(Tabela1[[#This Row],[Motorista]],Base!A:A,Base!B:B),"")) | N39: =IF(R39<>"","Finalizado", IF(Q39<>"","Fila de Carregamento", IF(P39<>"","Aguardando Entrada",""))) -> Finalizado | O39: =IF(Tabela1[[#This Row],[Motorista]]="","",IF(COUNTIFS(Tabela1[Data],Tabela1[[#This Row],[Data]],Tabela1[Motorista],Tabela1[[#This Row],[Motorista]])=1,"1 viagem",COUNTIFS(Tabela1[Data],Tabela1[[#This Row],[Data]],Tabela1[Motorista],Tabela1[[#This Row],[Motorista]])&" viagens")) -> 1 viagem | P39: 0.29791667 | Q39: 0.32361111 | R39: 0.37083333 | S39: Impresso | T39: =IF(OR(Tabela1[[#This Row],[Entrada]]="",Tabela1[[#This Row],[Saída]]=""), "", Tabela1[[#This Row],[Saída]]-Tabela1[[#This Row],[Entrada]]) -> 0.047222222 | U39: =IF(OR('Controle de CT'!$R39= "", 'Controle de CT'!$P39= ""), "", 'Controle de CT'!$R39-'Controle de CT'!$P39) -> 0.072916667
K40: 46064 | L40: Francisco Pintos Nunes | M40: =IF(Tabela1[[#This Row],[Motorista]]="","",IFERROR(_xlfn.XLOOKUP(Tabela1[[#This Row],[Motorista]],Base!A:A,Base!B:B),"")) -> FOB | N40: =IF(R40<>"","Finalizado", IF(Q40<>"","Fila de Carregamento", IF(P40<>"","Aguardando Entrada",""))) -> Fila de Carregamento | O40: =IF(Tabela1[[#This Row],[Motorista]]="","",IF(COUNTIFS(Tabela1[Data],Tabela1[[#This Row],[Data]],Tabela1[Motorista],Tabela1[[#This Row],[Motorista]])=1,"1 viagem",COUNTIFS(Tabela1[Data],Tabela1[[#This Row],[Data]],Tabela1[Motorista],Tabela1[[#This Row],[Motorista]])&" viagens")) -> 1 viagem | P40: 0.30486111 | Q40: 0.42916667 | S40: Impresso | T40: =IF(OR(Tabela1[[#This Row],[Entrada]]="",Tabela1[[#This Row],[Saída]]=""), "", Tabela1[[#This Row],[Saída]]-Tabela1[[#This Row],[Entrada]]) | U40: =IF(OR('Controle de CT'!$R40= "", 'Controle de CT'!$P40= ""), "", 'Controle de CT'!$R40-'Controle de CT'!$P40)
K41: 46064 | L41: Said Pereira Rabelo | M41: =IF(Tabela1[[#This Row],[Motorista]]="","",IFERROR(_xlfn.XLOOKUP(Tabela1[[#This Row],[Motorista]],Base!A:A,Base!B:B),"")) -> FOB | N41: =IF(R41<>"","Finalizado", IF(Q41<>"","Fila de Carregamento", IF(P41<>"","Aguardando Entrada",""))) -> Finalizado | O41: =IF(Tabela1[[#This Row],[Motorista]]="","",IF(COUNTIFS(Tabela1[Data],Tabela1[[#This Row],[Data]],Tabela1[Motorista],Tabela1[[#This Row],[Motorista]])=1,"1 viagem",COUNTIFS(Tabela1[Data],Tabela1[[#This Row],[Data]],Tabela1[Motorista],Tabela1[[#This Row],[Motorista]])&" viagens")) -> 1 viagem | P41: 0.33888889 | Q41: 0.3625 | R41: 0.41319444 | S41: Impresso | T41: =IF(OR(Tabela1[[#This Row],[Entrada]]="",Tabela1[[#This Row],[Saída]]=""), "", Tabela1[[#This Row],[Saída]]-Tabela1[[#This Row],[Entrada]]) -> 0.050694444 | U41: =IF(OR('Controle de CT'!$R41= "", 'Controle de CT'!$P41= ""), "", 'Controle de CT'!$R41-'Controle de CT'!$P41) -> 0.074305556
K42: 46064 | L42: Andre Pereira de Oliveira | M42: =IF(Tabela1[[#This Row],[Motorista]]="","",IFERROR(_xlfn.XLOOKUP(Tabela1[[#This Row],[Motorista]],Base!A:A,Base!B:B),"")) -> FOB | N42: =IF(R42<>"","Finalizado", IF(Q42<>"","Fila de Carregamento", IF(P42<>"","Aguardando Entrada",""))) -> Finalizado | O42: =IF(Tabela1[[#This Row],[Motorista]]="","",IF(COUNTIFS(Tabela1[Data],Tabela1[[#This Row],[Data]],Tabela1[Motorista],Tabela1[[#This Row],[Motorista]])=1,"1 viagem",COUNTIFS(Tabela1[Data],Tabela1[[#This Row],[Data]],Tabela1[Motorista],Tabela1[[#This Row],[Motorista]])&" viagens")) -> 1 viagem | P42: 0.35763889 | Q42: 0.38541667 | R42: 0.43472222 | S42: Impresso | T42: =IF(OR(Tabela1[[#This Row],[Entrada]]="",Tabela1[[#This Row],[Saída]]=""), "", Tabela1[[#This Row],[Saída]]-Tabela1[[#This Row],[Entrada]]) -> 0.049305556 | U42: =IF(OR('Controle de CT'!$R42= "", 'Controle de CT'!$P42= ""), "", 'Controle de CT'!$R42-'Controle de CT'!$P42) -> 0.077083333
K43: 46064 | L43: Benedito Gomes | M43: =IF(Tabela1[[#This Row],[Motorista]]="","",IFERROR(_xlfn.XLOOKUP(Tabela1[[#This Row],[Motorista]],Base!A:A,Base!B:B),"")) -> CIF | N43: =IF(R43<>"","Finalizado", IF(Q43<>"","Fila de Carregamento", IF(P43<>"","Aguardando Entrada",""))) -> Finalizado | O43: =IF(Tabela1[[#This Row],[Motorista]]="","",IF(COUNTIFS(Tabela1[Data],Tabela1[[#This Row],[Data]],Tabela1[Motorista],Tabela1[[#This Row],[Motorista]])=1,"1 viagem",COUNTIFS(Tabela1[Data],Tabela1[[#This Row],[Data]],Tabela1[Motorista],Tabela1[[#This Row],[Motorista]])&" viagens")) -> 1 viagem | P43: 0.36805556 | Q43: 0.42083333 | R43: 0.41666667 | S43: Impresso | T43: =IF(OR(Tabela1[[#This Row],[Entrada]]="",Tabela1[[#This Row],[Saída]]=""), "", Tabela1[[#This Row],[Saída]]-Tabela1[[#This Row],[Entrada]]) -> -0.0041666667 | U43: =IF(OR('Controle de CT'!$R43= "", 'Controle de CT'!$P43= ""), "", 'Controle de CT'!$R43-'Controle de CT'!$P43) -> 0.048611111
K44: 46064 | L44: Ismael Souza Da Silva | M44: =IF(Tabela1[[#This Row],[Motorista]]="","",IFERROR(_xlfn.XLOOKUP(Tabela1[[#This Row],[Motorista]],Base!A:A,Base!B:B),"")) -> CIF | N44: =IF(R44<>"","Finalizado", IF(Q44<>"","Fila de Carregamento", IF(P44<>"","Aguardando Entrada",""))) -> Finalizado | O44: =IF(Tabela1[[#This Row],[Motorista]]="","",IF(COUNTIFS(Tabela1[Data],Tabela1[[#This Row],[Data]],Tabela1[Motorista],Tabela1[[#This Row],[Motorista]])=1,"1 viagem",COUNTIFS(Tabela1[Data],Tabela1[[#This Row],[Data]],Tabela1[Motorista],Tabela1[[#This Row],[Motorista]])&" viagens")) -> 1 viagem | P44: 0.43055556 | Q44: 0.4375 | R44: 0.49722222 | S44: Impresso | T44: =IF(OR(Tabela1[[#This Row],[Entrada]]="",Tabela1[[#This Row],[Saída]]=""), "", Tabela1[[#This Row],[Saída]]-Tabela1[[#This Row],[Entrada]]) -> 0.059722222 | U44: =IF(OR('Controle de CT'!$R44= "", 'Controle de CT'!$P44= ""), "", 'Controle de CT'!$R44-'Controle de CT'!$P44) -> 0.066666667
K45: 46064 | L45: Marielson De Oliveira | M45: =IF(Tabela1[[#This Row],[Motorista]]="","",IFERROR(_xlfn.XLOOKUP(Tabela1[[#This Row],[Motorista]],Base!A:A,Base!B:B),"")) -> FOB | N45: =IF(R45<>"","Finalizado", IF(Q45<>"","Fila de Carregamento", IF(P45<>"","Aguardando Entrada",""))) -> Fila de Carregamento | O45: =IF(Tabela1[[#This Row],[Motorista]]="","",IF(COUNTIFS(Tabela1[Data],Tabela1[[#This Row],[Data]],Tabela1[Motorista],Tabela1[[#This Row],[Motorista]])=1,"1 viagem",COUNTIFS(Tabela1[Data],Tabela1[[#This Row],[Data]],Tabela1[Motorista],Tabela1[[#This Row],[Motorista]])&" viagens")) -> 2 viagens | P45: 0.44861111 | Q45: 0.50625 | S45: Impresso | T45: =IF(OR(Tabela1[[#This Row],[Entrada]]="",Tabela1[[#This Row],[Saída]]=""), "", Tabela1[[#This Row],[Saída]]-Tabela1[[#This Row],[Entrada]]) | U45: =IF(OR('Controle de CT'!$R45= "", 'Controle de CT'!$P45= ""), "", 'Controle de CT'!$R45-'Controle de CT'!$P45)
K46: 46064 | L46: Kalebe Oliveira da Silva | M46: =IF(Tabela1[[#This Row],[Motorista]]="","",IFERROR(_xlfn.XLOOKUP(Tabela1[[#This Row],[Motorista]],Base!A:A,Base!B:B),"")) -> FOB | N46: =IF(R46<>"","Finalizado", IF(Q46<>"","Fila de Carregamento", IF(P46<>"","Aguardando Entrada",""))) -> Fila de Carregamento | O46: =IF(Tabela1[[#This Row],[Motorista]]="","",IF(COUNTIFS(Tabela1[Data],Tabela1[[#This Row],[Data]],Tabela1[Motorista],Tabela1[[#This Row],[Motorista]])=1,"1 viagem",COUNTIFS(Tabela1[Data],Tabela1[[#This Row],[Data]],Tabela1[Motorista],Tabela1[[#This Row],[Motorista]])&" viagens")) -> 1 viagem | P46: 0.52986111 | Q46: 0.54375 | S46: Impresso | T46: =IF(OR(Tabela1[[#This Row],[Entrada]]="",Tabela1[[#This Row],[Saída]]=""), "", Tabela1[[#This Row],[Saída]]-Tabela1[[#This Row],[Entrada]]) | U46: =IF(OR('Controle de CT'!$R46= "", 'Controle de CT'!$P46= ""), "", 'Controle de CT'!$R46-'Controle de CT'!$P46)
K47: 46064 | L47: David dos Santos | M47: =IF(Tabela1[[#This Row],[Motorista]]="","",IFERROR(_xlfn.XLOOKUP(Tabela1[[#This Row],[Motorista]],Base!A:A,Base!B:B),"")) -> FOB | N47: =IF(R47<>"","Finalizado", IF(Q47<>"","Fila de Carregamento", IF(P47<>"","Aguardando Entrada",""))) -> Fila de Carregamento | O47: =IF(Tabela1[[#This Row],[Motorista]]="","",IF(COUNTIFS(Tabela1[Data],Tabela1[[#This Row],[Data]],Tabela1[Motorista],Tabela1[[#This Row],[Motorista]])=1,"1 viagem",COUNTIFS(Tabela1[Data],Tabela1[[#This Row],[Data]],Tabela1[Motorista],Tabela1[[#This Row],[Motorista]])&" viagens")) -> 2 viagens | P47: 0.56527778 | Q47: 0.57569444 | S47: Impresso | T47: =IF(OR(Tabela1[[#This Row],[Entrada]]="",Tabela1[[#This Row],[Saída]]=""), "", Tabela1[[#This Row],[Saída]]-Tabela1[[#This Row],[Entrada]]) | U47: =IF(OR('Controle de CT'!$R47= "", 'Controle de CT'!$P47= ""), "", 'Controle de CT'!$R47-'Controle de CT'!$P47)
K48: 46064 | L48: Henrique Alburquerque | M48: =IF(Tabela1[[#This Row],[Motorista]]="","",IFERROR(_xlfn.XLOOKUP(Tabela1[[#This Row],[Motorista]],Base!A:A,Base!B:B),"")) -> Transferência | N48: =IF(R48<>"","Finalizado", IF(Q48<>"","Fila de Carregamento", IF(P48<>"","Aguardando Entrada",""))) -> Aguardando Entrada | O48: =IF(Tabela1[[#This Row],[Motorista]]="","",IF(COUNTIFS(Tabela1[Data],Tabela1[[#This Row],[Data]],Tabela1[Motorista],Tabela1[[#This Row],[Motorista]])=1,"1 viagem",COUNTIFS(Tabela1[Data],Tabela1[[#This Row],[Data]],Tabela1[Motorista],Tabela1[[#This Row],[Motorista]])&" viagens")) -> 1 viagem | P48: 0.58819444 | S48: Pendente | T48: =IF(OR(Tabela1[[#This Row],[Entrada]]="",Tabela1[[#This Row],[Saída]]=""), "", Tabela1[[#This Row],[Saída]]-Tabela1[[#This Row],[Entrada]]) | U48: =IF(OR('Controle de CT'!$R48= "", 'Controle de CT'!$P48= ""), "", 'Controle de CT'!$R48-'Controle de CT'!$P48)
K49: 46064 | L49: Edney Freitas | M49: =IF(Tabela1[[#This Row],[Motorista]]="","",IFERROR(_xlfn.XLOOKUP(Tabela1[[#This Row],[Motorista]],Base!A:A,Base!B:B),"")) -> CIF | N49: =IF(R49<>"","Finalizado", IF(Q49<>"","Fila de Carregamento", IF(P49<>"","Aguardando Entrada",""))) -> Fila de Carregamento | O49: =IF(Tabela1[[#This Row],[Motorista]]="","",IF(COUNTIFS(Tabela1[Data],Tabela1[[#This Row],[Data]],Tabela1[Motorista],Tabela1[[#This Row],[Motorista]])=1,"1 viagem",COUNTIFS(Tabela1[Data],Tabela1[[#This Row],[Data]],Tabela1[Motorista],Tabela1[[#This Row],[Motorista]])&" viagens")) -> 2 viagens | P49: 0.66111111 | Q49: 0.67986111 | S49: Pendente | T49: =IF(OR(Tabela1[[#This Row],[Entrada]]="",Tabela1[[#This Row],[Saída]]=""), "", Tabela1[[#This Row],[Saída]]-Tabela1[[#This Row],[Entrada]]) | U49: =IF(OR('Controle de CT'!$R49= "", 'Controle de CT'!$P49= ""), "", 'Controle de CT'!$R49-'Controle de CT'!$P49)
K50: 46064 | L50: Edmilson Almeida | M50: =IF(Tabela1[[#This Row],[Motorista]]="","",IFERROR(_xlfn.XLOOKUP(Tabela1[[#This Row],[Motorista]],Base!A:A,Base!B:B),"")) -> FOB | N50: =IF(R50<>"","Finalizado", IF(Q50<>"","Fila de Carregamento", IF(P50<>"","Aguardando Entrada",""))) -> Fila de Carregamento | O50: =IF(Tabela1[[#This Row],[Motorista]]="","",IF(COUNTIFS(Tabela1[Data],Tabela1[[#This Row],[Data]],Tabela1[Motorista],Tabela1[[#This Row],[Motorista]])=1,"1 viagem",COUNTIFS(Tabela1[Data],Tabela1[[#This Row],[Data]],Tabela1[Motorista],Tabela1[[#This Row],[Motorista]])&" viagens")) -> 1 viagem | P50: 0.67569444 | Q50: 0.68472222 | S50: Pendente | T50: =IF(OR(Tabela1[[#This Row],[Entrada]]="",Tabela1[[#This Row],[Saída]]=""), "", Tabela1[[#This Row],[Saída]]-Tabela1[[#This Row],[Entrada]]) | U50: =IF(OR('Controle de CT'!$R50= "", 'Controle de CT'!$P50= ""), "", 'Controle de CT'!$R50-'Controle de CT'!$P50)
K51: 46065 | L51: Julio Cesar dos Santos | M51: =IF(Tabela1[[#This Row],[Motorista]]="","",IFERROR(_xlfn.XLOOKUP(Tabela1[[#This Row],[Motorista]],Base!A:A,Base!B:B),"")) -> FOB | N51: =IF(R51<>"","Finalizado", IF(Q51<>"","Fila de Carregamento", IF(P51<>"","Aguardando Entrada",""))) -> Finalizado | O51: =IF(Tabela1[[#This Row],[Motorista]]="","",IF(COUNTIFS(Tabela1[Data],Tabela1[[#This Row],[Data]],Tabela1[Motorista],Tabela1[[#This Row],[Motorista]])=1,"1 viagem",COUNTIFS(Tabela1[Data],Tabela1[[#This Row],[Data]],Tabela1[Motorista],Tabela1[[#This Row],[Motorista]])&" viagens")) -> 1 viagem | P51: 0.24652778 | Q51: 0.37986111 | R51: 0.43055556 | S51: Impresso | T51: =IF(OR(Tabela1[[#This Row],[Entrada]]="",Tabela1[[#This Row],[Saída]]=""), "", Tabela1[[#This Row],[Saída]]-Tabela1[[#This Row],[Entrada]]) -> 0.050694444 | U51: =IF(OR('Controle de CT'!$R51= "", 'Controle de CT'!$P51= ""), "", 'Controle de CT'!$R51-'Controle de CT'!$P51) -> 0.18402778
K52: 46065 | L52: Marielson De Oliveira | M52: =IF(Tabela1[[#This Row],[Motorista]]="","",IFERROR(_xlfn.XLOOKUP(Tabela1[[#This Row],[Motorista]],Base!A:A,Base!B:B),"")) -> FOB | N52: =IF(R52<>"","Finalizado", IF(Q52<>"","Fila de Carregamento", IF(P52<>"","Aguardando Entrada",""))) -> Finalizado | O52: =IF(Tabela1[[#This Row],[Motorista]]="","",IF(COUNTIFS(Tabela1[Data],Tabela1[[#This Row],[Data]],Tabela1[Motorista],Tabela1[[#This Row],[Motorista]])=1,"1 viagem",COUNTIFS(Tabela1[Data],Tabela1[[#This Row],[Data]],Tabela1[Motorista],Tabela1[[#This Row],[Motorista]])&" viagens")) -> 1 viagem | P52: 0.24930556 | Q52: 0.30208333 | R52: 0.33888889 | S52: Impresso | T52: =IF(OR(Tabela1[[#This Row],[Entrada]]="",Tabela1[[#This Row],[Saída]]=""), "", Tabela1[[#This Row],[Saída]]-Tabela1[[#This Row],[Entrada]]) -> 0.036805556 | U52: =IF(OR('Controle de CT'!$R52= "", 'Controle de CT'!$P52= ""), "", 'Controle de CT'!$R52-'Controle de CT'!$P52) -> 0.089583333
K53: 46065 | L53: Francisco Pintos Nunes | M53: =IF(Tabela1[[#This Row],[Motorista]]="","",IFERROR(_xlfn.XLOOKUP(Tabela1[[#This Row],[Motorista]],Base!A:A,Base!B:B),"")) -> FOB | N53: =IF(R53<>"","Finalizado", IF(Q53<>"","Fila de Carregamento", IF(P53<>"","Aguardando Entrada",""))) -> Finalizado | O53: =IF(Tabela1[[#This Row],[Motorista]]="","",IF(COUNTIFS(Tabela1[Data],Tabela1[[#This Row],[Data]],Tabela1[Motorista],Tabela1[[#This Row],[Motorista]])=1,"1 viagem",COUNTIFS(Tabela1[Data],Tabela1[[#This Row],[Data]],Tabela1[Motorista],Tabela1[[#This Row],[Motorista]])&" viagens")) -> 1 viagem | P53: 0.22569444 | Q53: 0.26875 | R53: 0.40972222 | S53: Impresso | T53: =IF(OR(Tabela1[[#This Row],[Entrada]]="",Tabela1[[#This Row],[Saída]]=""), "", Tabela1[[#This Row],[Saída]]-Tabela1[[#This Row],[Entrada]]) -> 0.14097222 | U53: =IF(OR('Controle de CT'!$R53= "", 'Controle de CT'!$P53= ""), "", 'Controle de CT'!$R53-'Controle de CT'!$P53) -> 0.18402778
K54: 46065 | L54: Andre Pereira de Oliveira | M54: =IF(Tabela1[[#This Row],[Motorista]]="","",IFERROR(_xlfn.XLOOKUP(Tabela1[[#This Row],[Motorista]],Base!A:A,Base!B:B),"")) -> FOB | N54: =IF(R54<>"","Finalizado", IF(Q54<>"","Fila de Carregamento", IF(P54<>"","Aguardando Entrada",""))) -> Finalizado | O54: =IF(Tabela1[[#This Row],[Motorista]]="","",IF(COUNTIFS(Tabela1[Data],Tabela1[[#This Row],[Data]],Tabela1[Motorista],Tabela1[[#This Row],[Motorista]])=1,"1 viagem",COUNTIFS(Tabela1[Data],Tabela1[[#This Row],[Data]],Tabela1[Motorista],Tabela1[[#This Row],[Motorista]])&" viagens")) -> 1 viagem | P54: 0.25069444 | Q54: 0.30555556 | R54: 0.35833333 | S54: Impresso | T54: =IF(OR(Tabela1[[#This Row],[Entrada]]="",Tabela1[[#This Row],[Saída]]=""), "", Tabela1[[#This Row],[Saída]]-Tabela1[[#This Row],[Entrada]]) -> 0.052777778 | U54: =IF(OR('Controle de CT'!$R54= "", 'Controle de CT'!$P54= ""), "", 'Controle de CT'!$R54-'Controle de CT'!$P54) -> 0.10763889
K55: 46065 | L55: Benedito Gomes | M55: =IF(Tabela1[[#This Row],[Motorista]]="","",IFERROR(_xlfn.XLOOKUP(Tabela1[[#This Row],[Motorista]],Base!A:A,Base!B:B),"")) -> CIF | N55: =IF(R55<>"","Finalizado", IF(Q55<>"","Fila de Carregamento", IF(P55<>"","Aguardando Entrada",""))) -> Finalizado | O55: =IF(Tabela1[[#This Row],[Motorista]]="","",IF(COUNTIFS(Tabela1[Data],Tabela1[[#This Row],[Data]],Tabela1[Motorista],Tabela1[[#This Row],[Motorista]])=1,"1 viagem",COUNTIFS(Tabela1[Data],Tabela1[[#This Row],[Data]],Tabela1[Motorista],Tabela1[[#This Row],[Motorista]])&" viagens")) -> 2 viagens | P55: 0.22361111 | Q55: 0.27291667 | R55: 0.31041667 | S55: Impresso | T55: =IF(OR(Tabela1[[#This Row],[Entrada]]="",Tabela1[[#This Row],[Saída]]=""), "", Tabela1[[#This Row],[Saída]]-Tabela1[[#This Row],[Entrada]]) -> 0.0375 | U55: =IF(OR('Controle de CT'!$R55= "", 'Controle de CT'!$P55= ""), "", 'Controle de CT'!$R55-'Controle de CT'!$P55) -> 0.086805556
K56: 46065 | L56: Daniel da Silva Rabelo | M56: =IF(Tabela1[[#This Row],[Motorista]]="","",IFERROR(_xlfn.XLOOKUP(Tabela1[[#This Row],[Motorista]],Base!A:A,Base!B:B),"")) -> RZD | N56: =IF(R56<>"","Finalizado", IF(Q56<>"","Fila de Carregamento", IF(P56<>"","Aguardando Entrada",""))) -> Finalizado | O56: =IF(Tabela1[[#This Row],[Motorista]]="","",IF(COUNTIFS(Tabela1[Data],Tabela1[[#This Row],[Data]],Tabela1[Motorista],Tabela1[[#This Row],[Motorista]])=1,"1 viagem",COUNTIFS(Tabela1[Data],Tabela1[[#This Row],[Data]],Tabela1[Motorista],Tabela1[[#This Row],[Motorista]])&" viagens")) -> 2 viagens | P56: 0.27430556 | R56: 0.36180556 | T56: =IF(OR(Tabela1[[#This Row],[Entrada]]="",Tabela1[[#This Row],[Saída]]=""), "", Tabela1[[#This Row],[Saída]]-Tabela1[[#This Row],[Entrada]]) | U56: =IF(OR('Controle de CT'!$R56= "", 'Controle de CT'!$P56= ""), "", 'Controle de CT'!$R56-'Controle de CT'!$P56) -> 0.0875
K57: 46065 | L57: Pablo Allan | M57: =IF(Tabela1[[#This Row],[Motorista]]="","",IFERROR(_xlfn.XLOOKUP(Tabela1[[#This Row],[Motorista]],Base!A:A,Base!B:B),"")) -> Transferência | N57: =IF(R57<>"","Finalizado", IF(Q57<>"","Fila de Carregamento", IF(P57<>"","Aguardando Entrada",""))) -> Finalizado | O57: =IF(Tabela1[[#This Row],[Motorista]]="","",IF(COUNTIFS(Tabela1[Data],Tabela1[[#This Row],[Data]],Tabela1[Motorista],Tabela1[[#This Row],[Motorista]])=1,"1 viagem",COUNTIFS(Tabela1[Data],Tabela1[[#This Row],[Data]],Tabela1[Motorista],Tabela1[[#This Row],[Motorista]])&" viagens")) -> 1 viagem | P57: 0.28055556 | Q57: 0.54861111 | R57: 0.59722222 | S57: Impresso | T57: =IF(OR(Tabela1[[#This Row],[Entrada]]="",Tabela1[[#This Row],[Saída]]=""), "", Tabela1[[#This Row],[Saída]]-Tabela1[[#This Row],[Entrada]]) -> 0.048611111 | U57: =IF(OR('Controle de CT'!$R57= "", 'Controle de CT'!$P57= ""), "", 'Controle de CT'!$R57-'Controle de CT'!$P57) -> 0.31666667
K58: 46065 | L58: Ismael Souza Da Silva | M58: =IF(Tabela1[[#This Row],[Motorista]]="","",IFERROR(_xlfn.XLOOKUP(Tabela1[[#This Row],[Motorista]],Base!A:A,Base!B:B),"")) -> CIF | N58: =IF(R58<>"","Finalizado", IF(Q58<>"","Fila de Carregamento", IF(P58<>"","Aguardando Entrada",""))) -> Finalizado | O58: =IF(Tabela1[[#This Row],[Motorista]]="","",IF(COUNTIFS(Tabela1[Data],Tabela1[[#This Row],[Data]],Tabela1[Motorista],Tabela1[[#This Row],[Motorista]])=1,"1 viagem",COUNTIFS(Tabela1[Data],Tabela1[[#This Row],[Data]],Tabela1[Motorista],Tabela1[[#This Row],[Motorista]])&" viagens")) -> 2 viagens | P58: 0.27777778 | Q58: 0.28958333 | R58: 0.32708333 | S58: Impresso | T58: =IF(OR(Tabela1[[#This Row],[Entrada]]="",Tabela1[[#This Row],[Saída]]=""), "", Tabela1[[#This Row],[Saída]]-Tabela1[[#This Row],[Entrada]]) -> 0.0375 | U58: =IF(OR('Controle de CT'!$R58= "", 'Controle de CT'!$P58= ""), "", 'Controle de CT'!$R58-'Controle de CT'!$P58) -> 0.049305556
K59: 46065 | L59: Caio Victor Pessoa | M59: =IF(Tabela1[[#This Row],[Motorista]]="","",IFERROR(_xlfn.XLOOKUP(Tabela1[[#This Row],[Motorista]],Base!A:A,Base!B:B),"")) -> CIF | N59: =IF(R59<>"","Finalizado", IF(Q59<>"","Fila de Carregamento", IF(P59<>"","Aguardando Entrada",""))) -> Finalizado | O59: =IF(Tabela1[[#This Row],[Motorista]]="","",IF(COUNTIFS(Tabela1[Data],Tabela1[[#This Row],[Data]],Tabela1[Motorista],Tabela1[[#This Row],[Motorista]])=1,"1 viagem",COUNTIFS(Tabela1[Data],Tabela1[[#This Row],[Data]],Tabela1[Motorista],Tabela1[[#This Row],[Motorista]])&" viagens")) -> 2 viagens | P59: 0.30208333 | Q59: 0.3125 | R59: 0.36805556 | S59: Impresso | T59: =IF(OR(Tabela1[[#This Row],[Entrada]]="",Tabela1[[#This Row],[Saída]]=""), "", Tabela1[[#This Row],[Saída]]-Tabela1[[#This Row],[Entrada]]) -> 0.055555556 | U59: =IF(OR('Controle de CT'!$R59= "", 'Controle de CT'!$P59= ""), "", 'Controle de CT'!$R59-'Controle de CT'!$P59) -> 0.065972222
K60: 46065 | L60: David dos Santos | M60: =IF(Tabela1[[#This Row],[Motorista]]="","",IFERROR(_xlfn.XLOOKUP(Tabela1[[#This Row],[Motorista]],Base!A:A,Base!B:B),"")) -> FOB | N60: =IF(R60<>"","Finalizado", IF(Q60<>"","Fila de Carregamento", IF(P60<>"","Aguardando Entrada",""))) -> Finalizado | O60: =IF(Tabela1[[#This Row],[Motorista]]="","",IF(COUNTIFS(Tabela1[Data],Tabela1[[#This Row],[Data]],Tabela1[Motorista],Tabela1[[#This Row],[Motorista]])=1,"1 viagem",COUNTIFS(Tabela1[Data],Tabela1[[#This Row],[Data]],Tabela1[Motorista],Tabela1[[#This Row],[Motorista]])&" viagens")) -> 2 viagens | P60: 0.31388889 | Q60: 0.35 | R60: 0.39513889 | S60: Impresso | T60: =IF(OR(Tabela1[[#This Row],[Entrada]]="",Tabela1[[#This Row],[Saída]]=""), "", Tabela1[[#This Row],[Saída]]-Tabela1[[#This Row],[Entrada]]) -> 0.045138889 | U60: =IF(OR('Controle de CT'!$R60= "", 'Controle de CT'!$P60= ""), "", 'Controle de CT'!$R60-'Controle de CT'!$P60) -> 0.08125
K61: 46065 | L61: Said Pereira Rabelo | M61: =IF(Tabela1[[#This Row],[Motorista]]="","",IFERROR(_xlfn.XLOOKUP(Tabela1[[#This Row],[Motorista]],Base!A:A,Base!B:B),"")) -> FOB | N61: =IF(R61<>"","Finalizado", IF(Q61<>"","Fila de Carregamento", IF(P61<>"","Aguardando Entrada",""))) -> Finalizado | O61: =IF(Tabela1[[#This Row],[Motorista]]="","",IF(COUNTIFS(Tabela1[Data],Tabela1[[#This Row],[Data]],Tabela1[Motorista],Tabela1[[#This Row],[Motorista]])=1,"1 viagem",COUNTIFS(Tabela1[Data],Tabela1[[#This Row],[Data]],Tabela1[Motorista],Tabela1[[#This Row],[Motorista]])&" viagens")) -> 1 viagem | P61: 0.32013889 | Q61: 0.33680556 | R61: 0.38194444 | S61: Impresso | T61: =IF(OR(Tabela1[[#This Row],[Entrada]]="",Tabela1[[#This Row],[Saída]]=""), "", Tabela1[[#This Row],[Saída]]-Tabela1[[#This Row],[Entrada]]) -> 0.045138889 | U61: =IF(OR('Controle de CT'!$R61= "", 'Controle de CT'!$P61= ""), "", 'Controle de CT'!$R61-'Controle de CT'!$P61) -> 0.061805556
K62: 46065 | L62: Servio Julio | M62: =IF(Tabela1[[#This Row],[Motorista]]="","",IFERROR(_xlfn.XLOOKUP(Tabela1[[#This Row],[Motorista]],Base!A:A,Base!B:B),"")) -> FOB | N62: =IF(R62<>"","Finalizado", IF(Q62<>"","Fila de Carregamento", IF(P62<>"","Aguardando Entrada",""))) -> Aguardando Entrada | O62: =IF(Tabela1[[#This Row],[Motorista]]="","",IF(COUNTIFS(Tabela1[Data],Tabela1[[#This Row],[Data]],Tabela1[Motorista],Tabela1[[#This Row],[Motorista]])=1,"1 viagem",COUNTIFS(Tabela1[Data],Tabela1[[#This Row],[Data]],Tabela1[Motorista],Tabela1[[#This Row],[Motorista]])&" viagens")) -> 1 viagem | P62: 0.32638889 | T62: =IF(OR(Tabela1[[#This Row],[Entrada]]="",Tabela1[[#This Row],[Saída]]=""), "", Tabela1[[#This Row],[Saída]]-Tabela1[[#This Row],[Entrada]]) | U62: =IF(OR('Controle de CT'!$R62= "", 'Controle de CT'!$P62= ""), "", 'Controle de CT'!$R62-'Controle de CT'!$P62)
K63: 46065 | L63: Ewertom Melo | M63: =IF(Tabela1[[#This Row],[Motorista]]="","",IFERROR(_xlfn.XLOOKUP(Tabela1[[#This Row],[Motorista]],Base!A:A,Base!B:B),"")) -> CIF | N63: =IF(R63<>"","Finalizado", IF(Q63<>"","Fila de Carregamento", IF(P63<>"","Aguardando Entrada",""))) -> Finalizado | O63: =IF(Tabela1[[#This Row],[Motorista]]="","",IF(COUNTIFS(Tabela1[Data],Tabela1[[#This Row],[Data]],Tabela1[Motorista],Tabela1[[#This Row],[Motorista]])=1,"1 viagem",COUNTIFS(Tabela1[Data],Tabela1[[#This Row],[Data]],Tabela1[Motorista],Tabela1[[#This Row],[Motorista]])&" viagens")) -> 2 viagens | P63: 0.36388889 | Q63: 0.39513889 | R63: 0.43958333 | S63: Impresso | T63: =IF(OR(Tabela1[[#This Row],[Entrada]]="",Tabela1[[#This Row],[Saída]]=""), "", Tabela1[[#This Row],[Saída]]-Tabela1[[#This Row],[Entrada]]) -> 0.044444444 | U63: =IF(OR('Controle de CT'!$R63= "", 'Controle de CT'!$P63= ""), "", 'Controle de CT'!$R63-'Controle de CT'!$P63) -> 0.075694444
K64: 46065 | L64: Daiton De Lima Costa | M64: =IF(Tabela1[[#This Row],[Motorista]]="","",IFERROR(_xlfn.XLOOKUP(Tabela1[[#This Row],[Motorista]],Base!A:A,Base!B:B),"")) -> CIF | N64: =IF(R64<>"","Finalizado", IF(Q64<>"","Fila de Carregamento", IF(P64<>"","Aguardando Entrada",""))) -> Finalizado | O64: =IF(Tabela1[[#This Row],[Motorista]]="","",IF(COUNTIFS(Tabela1[Data],Tabela1[[#This Row],[Data]],Tabela1[Motorista],Tabela1[[#This Row],[Motorista]])=1,"1 viagem",COUNTIFS(Tabela1[Data],Tabela1[[#This Row],[Data]],Tabela1[Motorista],Tabela1[[#This Row],[Motorista]])&" viagens")) -> 2 viagens | P64: 0.36388889 | Q64: 0.37916667 | R64: 0.42152778 | S64: Impresso | T64: =IF(OR(Tabela1[[#This Row],[Entrada]]="",Tabela1[[#This Row],[Saída]]=""), "", Tabela1[[#This Row],[Saída]]-Tabela1[[#This Row],[Entrada]]) -> 0.042361111 | U64: =IF(OR('Controle de CT'!$R64= "", 'Controle de CT'!$P64= ""), "", 'Controle de CT'!$R64-'Controle de CT'!$P64) -> 0.057638889
K65: 46065 | L65: Raimundo Oderclei Cruz | M65: =IF(Tabela1[[#This Row],[Motorista]]="","",IFERROR(_xlfn.XLOOKUP(Tabela1[[#This Row],[Motorista]],Base!A:A,Base!B:B),"")) -> CIF | N65: =IF(R65<>"","Finalizado", IF(Q65<>"","Fila de Carregamento", IF(P65<>"","Aguardando Entrada",""))) -> Finalizado | O65: =IF(Tabela1[[#This Row],[Motorista]]="","",IF(COUNTIFS(Tabela1[Data],Tabela1[[#This Row],[Data]],Tabela1[Motorista],Tabela1[[#This Row],[Motorista]])=1,"1 viagem",COUNTIFS(Tabela1[Data],Tabela1[[#This Row],[Data]],Tabela1[Motorista],Tabela1[[#This Row],[Motorista]])&" viagens")) -> 1 viagem | P65: 0.3875 | Q65: 0.39444444 | R65: 0.44722222 | S65: Impresso | T65: =IF(OR(Tabela1[[#This Row],[Entrada]]="",Tabela1[[#This Row],[Saída]]=""), "", Tabela1[[#This Row],[Saída]]-Tabela1[[#This Row],[Entrada]]) -> 0.052777778 | U65: =IF(OR('Controle de CT'!$R65= "", 'Controle de CT'!$P65= ""), "", 'Controle de CT'!$R65-'Controle de CT'!$P65) -> 0.059722222
K66: 46065 | L66: Wilmar Leao Filho | M66: =IF(Tabela1[[#This Row],[Motorista]]="","",IFERROR(_xlfn.XLOOKUP(Tabela1[[#This Row],[Motorista]],Base!A:A,Base!B:B),"")) | N66: =IF(R66<>"","Finalizado", IF(Q66<>"","Fila de Carregamento", IF(P66<>"","Aguardando Entrada",""))) -> Finalizado | O66: =IF(Tabela1[[#This Row],[Motorista]]="","",IF(COUNTIFS(Tabela1[Data],Tabela1[[#This Row],[Data]],Tabela1[Motorista],Tabela1[[#This Row],[Motorista]])=1,"1 viagem",COUNTIFS(Tabela1[Data],Tabela1[[#This Row],[Data]],Tabela1[Motorista],Tabela1[[#This Row],[Motorista]])&" viagens")) -> 1 viagem | P66: 0.40833333 | Q66: 0.41527778 | R66: 0.46180556 | S66: Impresso | T66: =IF(OR(Tabela1[[#This Row],[Entrada]]="",Tabela1[[#This Row],[Saída]]=""), "", Tabela1[[#This Row],[Saída]]-Tabela1[[#This Row],[Entrada]]) -> 0.046527778 | U66: =IF(OR('Controle de CT'!$R66= "", 'Controle de CT'!$P66= ""), "", 'Controle de CT'!$R66-'Controle de CT'!$P66) -> 0.053472222
K67: 46065 | L67: Adriano Paz | M67: =IF(Tabela1[[#This Row],[Motorista]]="","",IFERROR(_xlfn.XLOOKUP(Tabela1[[#This Row],[Motorista]],Base!A:A,Base!B:B),"")) -> CIF | N67: =IF(R67<>"","Finalizado", IF(Q67<>"","Fila de Carregamento", IF(P67<>"","Aguardando Entrada",""))) -> Finalizado | O67: =IF(Tabela1[[#This Row],[Motorista]]="","",IF(COUNTIFS(Tabela1[Data],Tabela1[[#This Row],[Data]],Tabela1[Motorista],Tabela1[[#This Row],[Motorista]])=1,"1 viagem",COUNTIFS(Tabela1[Data],Tabela1[[#This Row],[Data]],Tabela1[Motorista],Tabela1[[#This Row],[Motorista]])&" viagens")) -> 1 viagem | P67: 0.40902778 | Q67: 0.42222222 | R67: 0.48125 | S67: Impresso | T67: =IF(OR(Tabela1[[#This Row],[Entrada]]="",Tabela1[[#This Row],[Saída]]=""), "", Tabela1[[#This Row],[Saída]]-Tabela1[[#This Row],[Entrada]]) -> 0.059027778 | U67: =IF(OR('Controle de CT'!$R67= "", 'Controle de CT'!$P67= ""), "", 'Controle de CT'!$R67-'Controle de CT'!$P67) -> 0.072222222
K68: 46065 | L68: Ismael Souza Da Silva | M68: =IF(Tabela1[[#This Row],[Motorista]]="","",IFERROR(_xlfn.XLOOKUP(Tabela1[[#This Row],[Motorista]],Base!A:A,Base!B:B),"")) -> CIF | N68: =IF(R68<>"","Finalizado", IF(Q68<>"","Fila de Carregamento", IF(P68<>"","Aguardando Entrada",""))) -> Finalizado | O68: =IF(Tabela1[[#This Row],[Motorista]]="","",IF(COUNTIFS(Tabela1[Data],Tabela1[[#This Row],[Data]],Tabela1[Motorista],Tabela1[[#This Row],[Motorista]])=1,"1 viagem",COUNTIFS(Tabela1[Data],Tabela1[[#This Row],[Data]],Tabela1[Motorista],Tabela1[[#This Row],[Motorista]])&" viagens")) -> 2 viagens | P68: 0.41388889 | Q68: 0.42291667 | R68: 0.48125 | S68: Impresso | T68: =IF(OR(Tabela1[[#This Row],[Entrada]]="",Tabela1[[#This Row],[Saída]]=""), "", Tabela1[[#This Row],[Saída]]-Tabela1[[#This Row],[Entrada]]) -> 0.058333333 | U68: =IF(OR('Controle de CT'!$R68= "", 'Controle de CT'!$P68= ""), "", 'Controle de CT'!$R68-'Controle de CT'!$P68) -> 0.067361111
K69: 46065 | L69: Denilson Duarte | M69: =IF(Tabela1[[#This Row],[Motorista]]="","",IFERROR(_xlfn.XLOOKUP(Tabela1[[#This Row],[Motorista]],Base!A:A,Base!B:B),"")) -> FOB | N69: =IF(R69<>"","Finalizado", IF(Q69<>"","Fila de Carregamento", IF(P69<>"","Aguardando Entrada",""))) -> Finalizado | O69: =IF(Tabela1[[#This Row],[Motorista]]="","",IF(COUNTIFS(Tabela1[Data],Tabela1[[#This Row],[Data]],Tabela1[Motorista],Tabela1[[#This Row],[Motorista]])=1,"1 viagem",COUNTIFS(Tabela1[Data],Tabela1[[#This Row],[Data]],Tabela1[Motorista],Tabela1[[#This Row],[Motorista]])&" viagens")) -> 1 viagem | P69: 0.44444444 | Q69: 0.45625 | R69: 0.68472222 | S69: Impresso | T69: =IF(OR(Tabela1[[#This Row],[Entrada]]="",Tabela1[[#This Row],[Saída]]=""), "", Tabela1[[#This Row],[Saída]]-Tabela1[[#This Row],[Entrada]]) -> 0.22847222 | U69: =IF(OR('Controle de CT'!$R69= "", 'Controle de CT'!$P69= ""), "", 'Controle de CT'!$R69-'Controle de CT'!$P69) -> 0.24027778
K70: 46065 | L70: Benedito Gomes | M70: =IF(Tabela1[[#This Row],[Motorista]]="","",IFERROR(_xlfn.XLOOKUP(Tabela1[[#This Row],[Motorista]],Base!A:A,Base!B:B),"")) -> CIF | N70: =IF(R70<>"","Finalizado", IF(Q70<>"","Fila de Carregamento", IF(P70<>"","Aguardando Entrada",""))) -> Finalizado | O70: =IF(Tabela1[[#This Row],[Motorista]]="","",IF(COUNTIFS(Tabela1[Data],Tabela1[[#This Row],[Data]],Tabela1[Motorista],Tabela1[[#This Row],[Motorista]])=1,"1 viagem",COUNTIFS(Tabela1[Data],Tabela1[[#This Row],[Data]],Tabela1[Motorista],Tabela1[[#This Row],[Motorista]])&" viagens")) -> 2 viagens | P70: 0.45486111 | Q70: 0.52708333 | R70: 0.53263889 | S70: Impresso | T70: =IF(OR(Tabela1[[#This Row],[Entrada]]="",Tabela1[[#This Row],[Saída]]=""), "", Tabela1[[#This Row],[Saída]]-Tabela1[[#This Row],[Entrada]]) -> 0.0055555556 | U70: =IF(OR('Controle de CT'!$R70= "", 'Controle de CT'!$P70= ""), "", 'Controle de CT'!$R70-'Controle de CT'!$P70) -> 0.077777778
K71: 46065 | L71: Daniel da Silva Rabelo | M71: =IF(Tabela1[[#This Row],[Motorista]]="","",IFERROR(_xlfn.XLOOKUP(Tabela1[[#This Row],[Motorista]],Base!A:A,Base!B:B),"")) -> RZD | N71: =IF(R71<>"","Finalizado", IF(Q71<>"","Fila de Carregamento", IF(P71<>"","Aguardando Entrada",""))) -> Aguardando Entrada | O71: =IF(Tabela1[[#This Row],[Motorista]]="","",IF(COUNTIFS(Tabela1[Data],Tabela1[[#This Row],[Data]],Tabela1[Motorista],Tabela1[[#This Row],[Motorista]])=1,"1 viagem",COUNTIFS(Tabela1[Data],Tabela1[[#This Row],[Data]],Tabela1[Motorista],Tabela1[[#This Row],[Motorista]])&" viagens")) -> 2 viagens | P71: 0.45138889 | T71: =IF(OR(Tabela1[[#This Row],[Entrada]]="",Tabela1[[#This Row],[Saída]]=""), "", Tabela1[[#This Row],[Saída]]-Tabela1[[#This Row],[Entrada]]) | U71: =IF(OR('Controle de CT'!$R71= "", 'Controle de CT'!$P71= ""), "", 'Controle de CT'!$R71-'Controle de CT'!$P71)
K72: 46065 | L72: Caio Victor Pessoa | M72: =IF(Tabela1[[#This Row],[Motorista]]="","",IFERROR(_xlfn.XLOOKUP(Tabela1[[#This Row],[Motorista]],Base!A:A,Base!B:B),"")) -> CIF | N72: =IF(R72<>"","Finalizado", IF(Q72<>"","Fila de Carregamento", IF(P72<>"","Aguardando Entrada",""))) -> Fila de Carregamento | O72: =IF(Tabela1[[#This Row],[Motorista]]="","",IF(COUNTIFS(Tabela1[Data],Tabela1[[#This Row],[Data]],Tabela1[Motorista],Tabela1[[#This Row],[Motorista]])=1,"1 viagem",COUNTIFS(Tabela1[Data],Tabela1[[#This Row],[Data]],Tabela1[Motorista],Tabela1[[#This Row],[Motorista]])&" viagens")) -> 2 viagens | P72: 0.55138889 | Q72: 0.52777778 | T72: =IF(OR(Tabela1[[#This Row],[Entrada]]="",Tabela1[[#This Row],[Saída]]=""), "", Tabela1[[#This Row],[Saída]]-Tabela1[[#This Row],[Entrada]]) | U72: =IF(OR('Controle de CT'!$R72= "", 'Controle de CT'!$P72= ""), "", 'Controle de CT'!$R72-'Controle de CT'!$P72)
K73: 46065 | L73: Ewertom Melo | M73: =IF(Tabela1[[#This Row],[Motorista]]="","",IFERROR(_xlfn.XLOOKUP(Tabela1[[#This Row],[Motorista]],Base!A:A,Base!B:B),"")) -> CIF | N73: =IF(R73<>"","Finalizado", IF(Q73<>"","Fila de Carregamento", IF(P73<>"","Aguardando Entrada",""))) -> Finalizado | O73: =IF(Tabela1[[#This Row],[Motorista]]="","",IF(COUNTIFS(Tabela1[Data],Tabela1[[#This Row],[Data]],Tabela1[Motorista],Tabela1[[#This Row],[Motorista]])=1,"1 viagem",COUNTIFS(Tabela1[Data],Tabela1[[#This Row],[Data]],Tabela1[Motorista],Tabela1[[#This Row],[Motorista]])&" viagens")) -> 2 viagens | P73: 0.52430556 | R73: 0.68333333 | T73: =IF(OR(Tabela1[[#This Row],[Entrada]]="",Tabela1[[#This Row],[Saída]]=""), "", Tabela1[[#This Row],[Saída]]-Tabela1[[#This Row],[Entrada]]) | U73: =IF(OR('Controle de CT'!$R73= "", 'Controle de CT'!$P73= ""), "", 'Controle de CT'!$R73-'Controle de CT'!$P73) -> 0.15902778
K74: 46065 | L74: Daiton De Lima Costa | M74: =IF(Tabela1[[#This Row],[Motorista]]="","",IFERROR(_xlfn.XLOOKUP(Tabela1[[#This Row],[Motorista]],Base!A:A,Base!B:B),"")) -> CIF | N74: =IF(R74<>"","Finalizado", IF(Q74<>"","Fila de Carregamento", IF(P74<>"","Aguardando Entrada",""))) -> Aguardando Entrada | O74: =IF(Tabela1[[#This Row],[Motorista]]="","",IF(COUNTIFS(Tabela1[Data],Tabela1[[#This Row],[Data]],Tabela1[Motorista],Tabela1[[#This Row],[Motorista]])=1,"1 viagem",COUNTIFS(Tabela1[Data],Tabela1[[#This Row],[Data]],Tabela1[Motorista],Tabela1[[#This Row],[Motorista]])&" viagens")) -> 2 viagens | P74: 0.53333333 | T74: =IF(OR(Tabela1[[#This Row],[Entrada]]="",Tabela1[[#This Row],[Saída]]=""), "", Tabela1[[#This Row],[Saída]]-Tabela1[[#This Row],[Entrada]]) | U74: =IF(OR('Controle de CT'!$R74= "", 'Controle de CT'!$P74= ""), "", 'Controle de CT'!$R74-'Controle de CT'!$P74)
K75: 46065 | L75: David dos Santos | M75: =IF(Tabela1[[#This Row],[Motorista]]="","",IFERROR(_xlfn.XLOOKUP(Tabela1[[#This Row],[Motorista]],Base!A:A,Base!B:B),"")) -> FOB | N75: =IF(R75<>"","Finalizado", IF(Q75<>"","Fila de Carregamento", IF(P75<>"","Aguardando Entrada",""))) -> Fila de Carregamento | O75: =IF(Tabela1[[#This Row],[Motorista]]="","",IF(COUNTIFS(Tabela1[Data],Tabela1[[#This Row],[Data]],Tabela1[Motorista],Tabela1[[#This Row],[Motorista]])=1,"1 viagem",COUNTIFS(Tabela1[Data],Tabela1[[#This Row],[Data]],Tabela1[Motorista],Tabela1[[#This Row],[Motorista]])&" viagens")) -> 2 viagens | P75: 0.56180556 | Q75: 0.65277778 | S75: Pendente | T75: =IF(OR(Tabela1[[#This Row],[Entrada]]="",Tabela1[[#This Row],[Saída]]=""), "", Tabela1[[#This Row],[Saída]]-Tabela1[[#This Row],[Entrada]]) | U75: =IF(OR('Controle de CT'!$R75= "", 'Controle de CT'!$P75= ""), "", 'Controle de CT'!$R75-'Controle de CT'!$P75)
K76: 46066 | L76: Ozeias da Silva Lopes | M76: =IF(Tabela1[[#This Row],[Motorista]]="","",IFERROR(_xlfn.XLOOKUP(Tabela1[[#This Row],[Motorista]],Base!A:A,Base!B:B),"")) -> Transferência | N76: =IF(R76<>"","Finalizado", IF(Q76<>"","Fila de Carregamento", IF(P76<>"","Aguardando Entrada",""))) -> Finalizado | O76: =IF(Tabela1[[#This Row],[Motorista]]="","",IF(COUNTIFS(Tabela1[Data],Tabela1[[#This Row],[Data]],Tabela1[Motorista],Tabela1[[#This Row],[Motorista]])=1,"1 viagem",COUNTIFS(Tabela1[Data],Tabela1[[#This Row],[Data]],Tabela1[Motorista],Tabela1[[#This Row],[Motorista]])&" viagens")) -> 1 viagem | P76: 0 | Q76: 0.26805556 | R76: 0.33333333 | S76: Impresso | T76: =IF(OR(Tabela1[[#This Row],[Entrada]]="",Tabela1[[#This Row],[Saída]]=""), "", Tabela1[[#This Row],[Saída]]-Tabela1[[#This Row],[Entrada]]) -> 0.065277778 | U76: =IF(OR('Controle de CT'!$R76= "", 'Controle de CT'!$P76= ""), "", 'Controle de CT'!$R76-'Controle de CT'!$P76) -> 0.33333333
K77: 46066 | L77: Jeovani Felix da Silva | M77: =IF(Tabela1[[#This Row],[Motorista]]="","",IFERROR(_xlfn.XLOOKUP(Tabela1[[#This Row],[Motorista]],Base!A:A,Base!B:B),"")) -> Transferência | N77: =IF(R77<>"","Finalizado", IF(Q77<>"","Fila de Carregamento", IF(P77<>"","Aguardando Entrada",""))) -> Finalizado | O77: =IF(Tabela1[[#This Row],[Motorista]]="","",IF(COUNTIFS(Tabela1[Data],Tabela1[[#This Row],[Data]],Tabela1[Motorista],Tabela1[[#This Row],[Motorista]])=1,"1 viagem",COUNTIFS(Tabela1[Data],Tabela1[[#This Row],[Data]],Tabela1[Motorista],Tabela1[[#This Row],[Motorista]])&" viagens")) -> 1 viagem | P77: 0 | Q77: 0.29166667 | R77: 0.35416667 | S77: Impresso | T77: =IF(OR(Tabela1[[#This Row],[Entrada]]="",Tabela1[[#This Row],[Saída]]=""), "", Tabela1[[#This Row],[Saída]]-Tabela1[[#This Row],[Entrada]]) -> 0.0625 | U77: =IF(OR('Controle de CT'!$R77= "", 'Controle de CT'!$P77= ""), "", 'Controle de CT'!$R77-'Controle de CT'!$P77) -> 0.35416667
K78: 46066 | L78: Marielson De Oliveira | M78: =IF(Tabela1[[#This Row],[Motorista]]="","",IFERROR(_xlfn.XLOOKUP(Tabela1[[#This Row],[Motorista]],Base!A:A,Base!B:B),"")) -> FOB | N78: =IF(R78<>"","Finalizado", IF(Q78<>"","Fila de Carregamento", IF(P78<>"","Aguardando Entrada",""))) -> Finalizado | O78: =IF(Tabela1[[#This Row],[Motorista]]="","",IF(COUNTIFS(Tabela1[Data],Tabela1[[#This Row],[Data]],Tabela1[Motorista],Tabela1[[#This Row],[Motorista]])=1,"1 viagem",COUNTIFS(Tabela1[Data],Tabela1[[#This Row],[Data]],Tabela1[Motorista],Tabela1[[#This Row],[Motorista]])&" viagens")) -> 1 viagem | P78: 0.24027778 | Q78: 0.35763889 | R78: 0.41388889 | S78: Impresso | T78: =IF(OR(Tabela1[[#This Row],[Entrada]]="",Tabela1[[#This Row],[Saída]]=""), "", Tabela1[[#This Row],[Saída]]-Tabela1[[#This Row],[Entrada]]) -> 0.05625 | U78: =IF(OR('Controle de CT'!$R78= "", 'Controle de CT'!$P78= ""), "", 'Controle de CT'!$R78-'Controle de CT'!$P78) -> 0.17361111
K79: 46066 | L79: Julio Cesar dos Santos | M79: =IF(Tabela1[[#This Row],[Motorista]]="","",IFERROR(_xlfn.XLOOKUP(Tabela1[[#This Row],[Motorista]],Base!A:A,Base!B:B),"")) -> FOB | N79: =IF(R79<>"","Finalizado", IF(Q79<>"","Fila de Carregamento", IF(P79<>"","Aguardando Entrada",""))) -> Finalizado | O79: =IF(Tabela1[[#This Row],[Motorista]]="","",IF(COUNTIFS(Tabela1[Data],Tabela1[[#This Row],[Data]],Tabela1[Motorista],Tabela1[[#This Row],[Motorista]])=1,"1 viagem",COUNTIFS(Tabela1[Data],Tabela1[[#This Row],[Data]],Tabela1[Motorista],Tabela1[[#This Row],[Motorista]])&" viagens")) -> 1 viagem | P79: 0.24166667 | Q79: 0.36736111 | R79: 0.41527778 | S79: Impresso | T79: =IF(OR(Tabela1[[#This Row],[Entrada]]="",Tabela1[[#This Row],[Saída]]=""), "", Tabela1[[#This Row],[Saída]]-Tabela1[[#This Row],[Entrada]]) -> 0.047916667 | U79: =IF(OR('Controle de CT'!$R79= "", 'Controle de CT'!$P79= ""), "", 'Controle de CT'!$R79-'Controle de CT'!$P79) -> 0.17361111
K80: 46066 | L80: Edney Freitas | M80: =IF(Tabela1[[#This Row],[Motorista]]="","",IFERROR(_xlfn.XLOOKUP(Tabela1[[#This Row],[Motorista]],Base!A:A,Base!B:B),"")) -> CIF | N80: =IF(R80<>"","Finalizado", IF(Q80<>"","Fila de Carregamento", IF(P80<>"","Aguardando Entrada",""))) -> Finalizado | O80: =IF(Tabela1[[#This Row],[Motorista]]="","",IF(COUNTIFS(Tabela1[Data],Tabela1[[#This Row],[Data]],Tabela1[Motorista],Tabela1[[#This Row],[Motorista]])=1,"1 viagem",COUNTIFS(Tabela1[Data],Tabela1[[#This Row],[Data]],Tabela1[Motorista],Tabela1[[#This Row],[Motorista]])&" viagens")) -> 2 viagens | P80: 0.26597222 | Q80: 0.27916667 | R80: 0.3375 | S80: Impresso | T80: =IF(OR(Tabela1[[#This Row],[Entrada]]="",Tabela1[[#This Row],[Saída]]=""), "", Tabela1[[#This Row],[Saída]]-Tabela1[[#This Row],[Entrada]]) -> 0.058333333 | U80: =IF(OR('Controle de CT'!$R80= "", 'Controle de CT'!$P80= ""), "", 'Controle de CT'!$R80-'Controle de CT'!$P80) -> 0.071527778
K81: 46066 | L81: Ismael Souza Da Silva | M81: =IF(Tabela1[[#This Row],[Motorista]]="","",IFERROR(_xlfn.XLOOKUP(Tabela1[[#This Row],[Motorista]],Base!A:A,Base!B:B),"")) -> CIF | N81: =IF(R81<>"","Finalizado", IF(Q81<>"","Fila de Carregamento", IF(P81<>"","Aguardando Entrada",""))) -> Finalizado | O81: =IF(Tabela1[[#This Row],[Motorista]]="","",IF(COUNTIFS(Tabela1[Data],Tabela1[[#This Row],[Data]],Tabela1[Motorista],Tabela1[[#This Row],[Motorista]])=1,"1 viagem",COUNTIFS(Tabela1[Data],Tabela1[[#This Row],[Data]],Tabela1[Motorista],Tabela1[[#This Row],[Motorista]])&" viagens")) -> 2 viagens | P81: 0.26666667 | Q81: 0.28611111 | R81: 0.33194444 | S81: Impresso | T81: =IF(OR(Tabela1[[#This Row],[Entrada]]="",Tabela1[[#This Row],[Saída]]=""), "", Tabela1[[#This Row],[Saída]]-Tabela1[[#This Row],[Entrada]]) -> 0.045833333 | U81: =IF(OR('Controle de CT'!$R81= "", 'Controle de CT'!$P81= ""), "", 'Controle de CT'!$R81-'Controle de CT'!$P81) -> 0.065277778
K82: 46066 | L82: Andre Pereira de Oliveira | M82: =IF(Tabela1[[#This Row],[Motorista]]="","",IFERROR(_xlfn.XLOOKUP(Tabela1[[#This Row],[Motorista]],Base!A:A,Base!B:B),"")) -> FOB | N82: =IF(R82<>"","Finalizado", IF(Q82<>"","Fila de Carregamento", IF(P82<>"","Aguardando Entrada",""))) -> Finalizado | O82: =IF(Tabela1[[#This Row],[Motorista]]="","",IF(COUNTIFS(Tabela1[Data],Tabela1[[#This Row],[Data]],Tabela1[Motorista],Tabela1[[#This Row],[Motorista]])=1,"1 viagem",COUNTIFS(Tabela1[Data],Tabela1[[#This Row],[Data]],Tabela1[Motorista],Tabela1[[#This Row],[Motorista]])&" viagens")) -> 1 viagem | P82: 0.26944444 | Q82: 0.32291667 | R82: 0.39097222 | S82: Impresso | T82: =IF(OR(Tabela1[[#This Row],[Entrada]]="",Tabela1[[#This Row],[Saída]]=""), "", Tabela1[[#This Row],[Saída]]-Tabela1[[#This Row],[Entrada]]) -> 0.068055556 | U82: =IF(OR('Controle de CT'!$R82= "", 'Controle de CT'!$P82= ""), "", 'Controle de CT'!$R82-'Controle de CT'!$P82) -> 0.12152778
K83: 46066 | L83: Juan Ricardo | M83: =IF(Tabela1[[#This Row],[Motorista]]="","",IFERROR(_xlfn.XLOOKUP(Tabela1[[#This Row],[Motorista]],Base!A:A,Base!B:B),"")) -> FOB | N83: =IF(R83<>"","Finalizado", IF(Q83<>"","Fila de Carregamento", IF(P83<>"","Aguardando Entrada",""))) -> Finalizado | O83: =IF(Tabela1[[#This Row],[Motorista]]="","",IF(COUNTIFS(Tabela1[Data],Tabela1[[#This Row],[Data]],Tabela1[Motorista],Tabela1[[#This Row],[Motorista]])=1,"1 viagem",COUNTIFS(Tabela1[Data],Tabela1[[#This Row],[Data]],Tabela1[Motorista],Tabela1[[#This Row],[Motorista]])&" viagens")) -> 1 viagem | P83: 0.35625 | Q83: 0.45 | R83: 0.47916667 | S83: Impresso | T83: =IF(OR(Tabela1[[#This Row],[Entrada]]="",Tabela1[[#This Row],[Saída]]=""), "", Tabela1[[#This Row],[Saída]]-Tabela1[[#This Row],[Entrada]]) -> 0.029166667 | U83: =IF(OR('Controle de CT'!$R83= "", 'Controle de CT'!$P83= ""), "", 'Controle de CT'!$R83-'Controle de CT'!$P83) -> 0.12291667
K84: 46066 | L84: Ronaldo Macena | M84: =IF(Tabela1[[#This Row],[Motorista]]="","",IFERROR(_xlfn.XLOOKUP(Tabela1[[#This Row],[Motorista]],Base!A:A,Base!B:B),"")) -> FOB | N84: =IF(R84<>"","Finalizado", IF(Q84<>"","Fila de Carregamento", IF(P84<>"","Aguardando Entrada",""))) -> Finalizado | O84: =IF(Tabela1[[#This Row],[Motorista]]="","",IF(COUNTIFS(Tabela1[Data],Tabela1[[#This Row],[Data]],Tabela1[Motorista],Tabela1[[#This Row],[Motorista]])=1,"1 viagem",COUNTIFS(Tabela1[Data],Tabela1[[#This Row],[Data]],Tabela1[Motorista],Tabela1[[#This Row],[Motorista]])&" viagens")) -> 1 viagem | P84: 0.29166667 | Q84: 0.37291667 | R84: 0.47708333 | S84: Impresso | T84: =IF(OR(Tabela1[[#This Row],[Entrada]]="",Tabela1[[#This Row],[Saída]]=""), "", Tabela1[[#This Row],[Saída]]-Tabela1[[#This Row],[Entrada]]) -> 0.10416667 | U84: =IF(OR('Controle de CT'!$R84= "", 'Controle de CT'!$P84= ""), "", 'Controle de CT'!$R84-'Controle de CT'!$P84) -> 0.18541667
K85: 46066 | L85: Daiton De Lima Costa | M85: =IF(Tabela1[[#This Row],[Motorista]]="","",IFERROR(_xlfn.XLOOKUP(Tabela1[[#This Row],[Motorista]],Base!A:A,Base!B:B),"")) -> CIF | N85: =IF(R85<>"","Finalizado", IF(Q85<>"","Fila de Carregamento", IF(P85<>"","Aguardando Entrada",""))) -> Finalizado | O85: =IF(Tabela1[[#This Row],[Motorista]]="","",IF(COUNTIFS(Tabela1[Data],Tabela1[[#This Row],[Data]],Tabela1[Motorista],Tabela1[[#This Row],[Motorista]])=1,"1 viagem",COUNTIFS(Tabela1[Data],Tabela1[[#This Row],[Data]],Tabela1[Motorista],Tabela1[[#This Row],[Motorista]])&" viagens")) -> 1 viagem | P85: 0.28541667 | Q85: 0.30625 | R85: 0.36458333 | S85: Impresso | T85: =IF(OR(Tabela1[[#This Row],[Entrada]]="",Tabela1[[#This Row],[Saída]]=""), "", Tabela1[[#This Row],[Saída]]-Tabela1[[#This Row],[Entrada]]) -> 0.058333333 | U85: =IF(OR('Controle de CT'!$R85= "", 'Controle de CT'!$P85= ""), "", 'Controle de CT'!$R85-'Controle de CT'!$P85) -> 0.079166667
K86: 46066 | L86: Caio Victor Pessoa | M86: =IF(Tabela1[[#This Row],[Motorista]]="","",IFERROR(_xlfn.XLOOKUP(Tabela1[[#This Row],[Motorista]],Base!A:A,Base!B:B),"")) -> CIF | N86: =IF(R86<>"","Finalizado", IF(Q86<>"","Fila de Carregamento", IF(P86<>"","Aguardando Entrada",""))) -> Finalizado | O86: =IF(Tabela1[[#This Row],[Motorista]]="","",IF(COUNTIFS(Tabela1[Data],Tabela1[[#This Row],[Data]],Tabela1[Motorista],Tabela1[[#This Row],[Motorista]])=1,"1 viagem",COUNTIFS(Tabela1[Data],Tabela1[[#This Row],[Data]],Tabela1[Motorista],Tabela1[[#This Row],[Motorista]])&" viagens")) -> 2 viagens | P86: 0.29166667 | Q86: 0.31041667 | R86: 0.37361111 | S86: Impresso | T86: =IF(OR(Tabela1[[#This Row],[Entrada]]="",Tabela1[[#This Row],[Saída]]=""), "", Tabela1[[#This Row],[Saída]]-Tabela1[[#This Row],[Entrada]]) -> 0.063194444 | U86: =IF(OR('Controle de CT'!$R86= "", 'Controle de CT'!$P86= ""), "", 'Controle de CT'!$R86-'Controle de CT'!$P86) -> 0.081944444
K87: 46066 | L87: Said Pereira Rabelo | M87: =IF(Tabela1[[#This Row],[Motorista]]="","",IFERROR(_xlfn.XLOOKUP(Tabela1[[#This Row],[Motorista]],Base!A:A,Base!B:B),"")) -> FOB | N87: =IF(R87<>"","Finalizado", IF(Q87<>"","Fila de Carregamento", IF(P87<>"","Aguardando Entrada",""))) -> Finalizado | O87: =IF(Tabela1[[#This Row],[Motorista]]="","",IF(COUNTIFS(Tabela1[Data],Tabela1[[#This Row],[Data]],Tabela1[Motorista],Tabela1[[#This Row],[Motorista]])=1,"1 viagem",COUNTIFS(Tabela1[Data],Tabela1[[#This Row],[Data]],Tabela1[Motorista],Tabela1[[#This Row],[Motorista]])&" viagens")) -> 2 viagens | P87: 0.32777778 | Q87: 0.38611111 | R87: 0.42430556 | S87: Impresso | T87: =IF(OR(Tabela1[[#This Row],[Entrada]]="",Tabela1[[#This Row],[Saída]]=""), "", Tabela1[[#This Row],[Saída]]-Tabela1[[#This Row],[Entrada]]) -> 0.038194444 | U87: =IF(OR('Controle de CT'!$R87= "", 'Controle de CT'!$P87= ""), "", 'Controle de CT'!$R87-'Controle de CT'!$P87) -> 0.096527778
... K89: 46066 | L89: Benedito Gomes | M89: =IF(Tabela1[[#This Row],[Motorista]]="","",IFERROR(_xlfn.XLOOKUP(Tabela1[[#This Row],[Motorista]],Base!A:A,Base!B:B),"")) -> CIF | N89: =IF(R89<>"","Finalizado", IF(Q89<>"","Fila de Carregamento", IF(P89<>"","Aguardando Entrada",""))) -> Finalizado | O89: =IF(Tabela1[[#This Row],[Motorista]]="","",IF(COUNTIFS(Tabela1[Data],Tabela1[[#This Row],[Data]],Tabela1[Motorista],Tabela1[[#This Row],[Motorista]])=1,"1 viagem",COUNTIFS(Tabela1[Data],Tabela1[[#This Row],[Data]],Tabela1[Motorista],Tabela1[[#This Row],[Motorista]])&" viagens")) -> 1 viagem | P89: 0.38125 | Q89: 0.39236111 | R89: 0.44930556 | S89: Impresso | T89: =IF(OR(Tabela1[[#This Row],[Entrada]]="",Tabela1[[#This Row],[Saída]]=""), "", Tabela1[[#This Row],[Saída]]-Tabela1[[#This Row],[Entrada]]) -> 0.056944444 | U89: =IF(OR('Controle de CT'!$R89= "", 'Controle de CT'!$P89= ""), "", 'Controle de CT'!$R89-'Controle de CT'!$P89) -> 0.068055556
K90: 46066 | L90: Edson Azevedo | M90: =IF(Tabela1[[#This Row],[Motorista]]="","",IFERROR(_xlfn.XLOOKUP(Tabela1[[#This Row],[Motorista]],Base!A:A,Base!B:B),"")) -> FOB | N90: =IF(R90<>"","Finalizado", IF(Q90<>"","Fila de Carregamento", IF(P90<>"","Aguardando Entrada",""))) -> Fila de Carregamento | O90: =IF(Tabela1[[#This Row],[Motorista]]="","",IF(COUNTIFS(Tabela1[Data],Tabela1[[#This Row],[Data]],Tabela1[Motorista],Tabela1[[#This Row],[Motorista]])=1,"1 viagem",COUNTIFS(Tabela1[Data],Tabela1[[#This Row],[Data]],Tabela1[Motorista],Tabela1[[#This Row],[Motorista]])&" viagens")) -> 1 viagem | P90: 0.4125 | Q90: 0.46527778 | T90: =IF(OR(Tabela1[[#This Row],[Entrada]]="",Tabela1[[#This Row],[Saída]]=""), "", Tabela1[[#This Row],[Saída]]-Tabela1[[#This Row],[Entrada]]) | U90: =IF(OR('Controle de CT'!$R90= "", 'Controle de CT'!$P90= ""), "", 'Controle de CT'!$R90-'Controle de CT'!$P90)
K91: 46066 | L91: David dos Santos | M91: =IF(Tabela1[[#This Row],[Motorista]]="","",IFERROR(_xlfn.XLOOKUP(Tabela1[[#This Row],[Motorista]],Base!A:A,Base!B:B),"")) -> FOB | N91: =IF(R91<>"","Finalizado", IF(Q91<>"","Fila de Carregamento", IF(P91<>"","Aguardando Entrada",""))) -> Finalizado | O91: =IF(Tabela1[[#This Row],[Motorista]]="","",IF(COUNTIFS(Tabela1[Data],Tabela1[[#This Row],[Data]],Tabela1[Motorista],Tabela1[[#This Row],[Motorista]])=1,"1 viagem",COUNTIFS(Tabela1[Data],Tabela1[[#This Row],[Data]],Tabela1[Motorista],Tabela1[[#This Row],[Motorista]])&" viagens")) -> 1 viagem | P91: 0.43680556 | Q91: 0.46388889 | R91: 0.52777778 | S91: Impresso | T91: =IF(OR(Tabela1[[#This Row],[Entrada]]="",Tabela1[[#This Row],[Saída]]=""), "", Tabela1[[#This Row],[Saída]]-Tabela1[[#This Row],[Entrada]]) -> 0.063888889 | U91: =IF(OR('Controle de CT'!$R91= "", 'Controle de CT'!$P91= ""), "", 'Controle de CT'!$R91-'Controle de CT'!$P91) -> 0.090972222
K92: 46066 | L92: Edney Freitas | M92: =IF(Tabela1[[#This Row],[Motorista]]="","",IFERROR(_xlfn.XLOOKUP(Tabela1[[#This Row],[Motorista]],Base!A:A,Base!B:B),"")) -> CIF | N92: =IF(R92<>"","Finalizado", IF(Q92<>"","Fila de Carregamento", IF(P92<>"","Aguardando Entrada",""))) -> Finalizado | O92: =IF(Tabela1[[#This Row],[Motorista]]="","",IF(COUNTIFS(Tabela1[Data],Tabela1[[#This Row],[Data]],Tabela1[Motorista],Tabela1[[#This Row],[Motorista]])=1,"1 viagem",COUNTIFS(Tabela1[Data],Tabela1[[#This Row],[Data]],Tabela1[Motorista],Tabela1[[#This Row],[Motorista]])&" viagens")) -> 2 viagens | P92: 0.43819444 | Q92: 0.46180556 | R92: 0.56736111 | S92: Impresso | T92: =IF(OR(Tabela1[[#This Row],[Entrada]]="",Tabela1[[#This Row],[Saída]]=""), "", Tabela1[[#This Row],[Saída]]-Tabela1[[#This Row],[Entrada]]) -> 0.10555556 | U92: =IF(OR('Controle de CT'!$R92= "", 'Controle de CT'!$P92= ""), "", 'Controle de CT'!$R92-'Controle de CT'!$P92) -> 0.12916667
K93: 46066 | L93: Francisco Nonato | M93: =IF(Tabela1[[#This Row],[Motorista]]="","",IFERROR(_xlfn.XLOOKUP(Tabela1[[#This Row],[Motorista]],Base!A:A,Base!B:B),"")) -> FOB | N93: =IF(R93<>"","Finalizado", IF(Q93<>"","Fila de Carregamento", IF(P93<>"","Aguardando Entrada",""))) -> Fila de Carregamento | O93: =IF(Tabela1[[#This Row],[Motorista]]="","",IF(COUNTIFS(Tabela1[Data],Tabela1[[#This Row],[Data]],Tabela1[Motorista],Tabela1[[#This Row],[Motorista]])=1,"1 viagem",COUNTIFS(Tabela1[Data],Tabela1[[#This Row],[Data]],Tabela1[Motorista],Tabela1[[#This Row],[Motorista]])&" viagens")) -> 1 viagem | P93: 0.44444444 | Q93: 0.47847222 | T93: =IF(OR(Tabela1[[#This Row],[Entrada]]="",Tabela1[[#This Row],[Saída]]=""), "", Tabela1[[#This Row],[Saída]]-Tabela1[[#This Row],[Entrada]]) | U93: =IF(OR('Controle de CT'!$R93= "", 'Controle de CT'!$P93= ""), "", 'Controle de CT'!$R93-'Controle de CT'!$P93)
K94: 46066 | L94: Gessimar Benezar Damasceno | M94: =IF(Tabela1[[#This Row],[Motorista]]="","",IFERROR(_xlfn.XLOOKUP(Tabela1[[#This Row],[Motorista]],Base!A:A,Base!B:B),"")) -> FOB | N94: =IF(R94<>"","Finalizado", IF(Q94<>"","Fila de Carregamento", IF(P94<>"","Aguardando Entrada",""))) -> Aguardando Entrada | O94: =IF(Tabela1[[#This Row],[Motorista]]="","",IF(COUNTIFS(Tabela1[Data],Tabela1[[#This Row],[Data]],Tabela1[Motorista],Tabela1[[#This Row],[Motorista]])=1,"1 viagem",COUNTIFS(Tabela1[Data],Tabela1[[#This Row],[Data]],Tabela1[Motorista],Tabela1[[#This Row],[Motorista]])&" viagens")) -> 1 viagem | P94: 0.45069444 | T94: =IF(OR(Tabela1[[#This Row],[Entrada]]="",Tabela1[[#This Row],[Saída]]=""), "", Tabela1[[#This Row],[Saída]]-Tabela1[[#This Row],[Entrada]]) | U94: =IF(OR('Controle de CT'!$R94= "", 'Controle de CT'!$P94= ""), "", 'Controle de CT'!$R94-'Controle de CT'!$P94)
K95: 46066 | L95: Valdemir Ângelo de Moraes | M95: =IF(Tabela1[[#This Row],[Motorista]]="","",IFERROR(_xlfn.XLOOKUP(Tabela1[[#This Row],[Motorista]],Base!A:A,Base!B:B),"")) -> RZD | N95: =IF(R95<>"","Finalizado", IF(Q95<>"","Fila de Carregamento", IF(P95<>"","Aguardando Entrada",""))) -> Aguardando Entrada | O95: =IF(Tabela1[[#This Row],[Motorista]]="","",IF(COUNTIFS(Tabela1[Data],Tabela1[[#This Row],[Data]],Tabela1[Motorista],Tabela1[[#This Row],[Motorista]])=1,"1 viagem",COUNTIFS(Tabela1[Data],Tabela1[[#This Row],[Data]],Tabela1[Motorista],Tabela1[[#This Row],[Motorista]])&" viagens")) -> 1 viagem | P95: 0.38194444 | T95: =IF(OR(Tabela1[[#This Row],[Entrada]]="",Tabela1[[#This Row],[Saída]]=""), "", Tabela1[[#This Row],[Saída]]-Tabela1[[#This Row],[Entrada]]) | U95: =IF(OR('Controle de CT'!$R95= "", 'Controle de CT'!$P95= ""), "", 'Controle de CT'!$R95-'Controle de CT'!$P95)
K96: 46066 | L96: João Damasceno | M96: =IF(Tabela1[[#This Row],[Motorista]]="","",IFERROR(_xlfn.XLOOKUP(Tabela1[[#This Row],[Motorista]],Base!A:A,Base!B:B),"")) -> Transferência | N96: =IF(R96<>"","Finalizado", IF(Q96<>"","Fila de Carregamento", IF(P96<>"","Aguardando Entrada",""))) -> Aguardando Entrada | O96: =IF(Tabela1[[#This Row],[Motorista]]="","",IF(COUNTIFS(Tabela1[Data],Tabela1[[#This Row],[Data]],Tabela1[Motorista],Tabela1[[#This Row],[Motorista]])=1,"1 viagem",COUNTIFS(Tabela1[Data],Tabela1[[#This Row],[Data]],Tabela1[Motorista],Tabela1[[#This Row],[Motorista]])&" viagens")) -> 1 viagem | P96: 0.45694444 | T96: =IF(OR(Tabela1[[#This Row],[Entrada]]="",Tabela1[[#This Row],[Saída]]=""), "", Tabela1[[#This Row],[Saída]]-Tabela1[[#This Row],[Entrada]]) | U96: =IF(OR('Controle de CT'!$R96= "", 'Controle de CT'!$P96= ""), "", 'Controle de CT'!$R96-'Controle de CT'!$P96)
K97: 46066 | L97: Raimundo Oderclei Cruz | M97: =IF(Tabela1[[#This Row],[Motorista]]="","",IFERROR(_xlfn.XLOOKUP(Tabela1[[#This Row],[Motorista]],Base!A:A,Base!B:B),"")) -> CIF | N97: =IF(R97<>"","Finalizado", IF(Q97<>"","Fila de Carregamento", IF(P97<>"","Aguardando Entrada",""))) -> Finalizado | O97: =IF(Tabela1[[#This Row],[Motorista]]="","",IF(COUNTIFS(Tabela1[Data],Tabela1[[#This Row],[Data]],Tabela1[Motorista],Tabela1[[#This Row],[Motorista]])=1,"1 viagem",COUNTIFS(Tabela1[Data],Tabela1[[#This Row],[Data]],Tabela1[Motorista],Tabela1[[#This Row],[Motorista]])&" viagens")) -> 1 viagem | P97: 0.46805556 | Q97: 0.47569444 | R97: 0.52083333 | S97: Impresso | T97: =IF(OR(Tabela1[[#This Row],[Entrada]]="",Tabela1[[#This Row],[Saída]]=""), "", Tabela1[[#This Row],[Saída]]-Tabela1[[#This Row],[Entrada]]) -> 0.045138889 | U97: =IF(OR('Controle de CT'!$R97= "", 'Controle de CT'!$P97= ""), "", 'Controle de CT'!$R97-'Controle de CT'!$P97) -> 0.052777778
K98: 46066 | L98: Ismael Souza Da Silva | M98: =IF(Tabela1[[#This Row],[Motorista]]="","",IFERROR(_xlfn.XLOOKUP(Tabela1[[#This Row],[Motorista]],Base!A:A,Base!B:B),"")) -> CIF | N98: =IF(R98<>"","Finalizado", IF(Q98<>"","Fila de Carregamento", IF(P98<>"","Aguardando Entrada",""))) -> Fila de Carregamento | O98: =IF(Tabela1[[#This Row],[Motorista]]="","",IF(COUNTIFS(Tabela1[Data],Tabela1[[#This Row],[Data]],Tabela1[Motorista],Tabela1[[#This Row],[Motorista]])=1,"1 viagem",COUNTIFS(Tabela1[Data],Tabela1[[#This Row],[Data]],Tabela1[Motorista],Tabela1[[#This Row],[Motorista]])&" viagens")) -> 2 viagens | Q98: 0.56180556 | S98: Impresso | T98: =IF(OR(Tabela1[[#This Row],[Entrada]]="",Tabela1[[#This Row],[Saída]]=""), "", Tabela1[[#This Row],[Saída]]-Tabela1[[#This Row],[Entrada]]) | U98: =IF(OR('Controle de CT'!$R98= "", 'Controle de CT'!$P98= ""), "", 'Controle de CT'!$R98-'Controle de CT'!$P98)
K99: 46066 | L99: Caio Victor Pessoa | M99: =IF(Tabela1[[#This Row],[Motorista]]="","",IFERROR(_xlfn.XLOOKUP(Tabela1[[#This Row],[Motorista]],Base!A:A,Base!B:B),"")) -> CIF | N99: =IF(R99<>"","Finalizado", IF(Q99<>"","Fila de Carregamento", IF(P99<>"","Aguardando Entrada",""))) -> Fila de Carregamento | O99: =IF(Tabela1[[#This Row],[Motorista]]="","",IF(COUNTIFS(Tabela1[Data],Tabela1[[#This Row],[Data]],Tabela1[Motorista],Tabela1[[#This Row],[Motorista]])=1,"1 viagem",COUNTIFS(Tabela1[Data],Tabela1[[#This Row],[Data]],Tabela1[Motorista],Tabela1[[#This Row],[Motorista]])&" viagens")) -> 2 viagens | Q99: 0.56180556 | S99: Impresso | T99: =IF(OR(Tabela1[[#This Row],[Entrada]]="",Tabela1[[#This Row],[Saída]]=""), "", Tabela1[[#This Row],[Saída]]-Tabela1[[#This Row],[Entrada]]) | U99: =IF(OR('Controle de CT'!$R99= "", 'Controle de CT'!$P99= ""), "", 'Controle de CT'!$R99-'Controle de CT'!$P99)
K100: 46066 | L100: Evanio Ribeiro Cavalcante | M100: =IF(Tabela1[[#This Row],[Motorista]]="","",IFERROR(_xlfn.XLOOKUP(Tabela1[[#This Row],[Motorista]],Base!A:A,Base!B:B),"")) -> FOB | N100: =IF(R100<>"","Finalizado", IF(Q100<>"","Fila de Carregamento", IF(P100<>"","Aguardando Entrada",""))) -> Fila de Carregamento | O100: =IF(Tabela1[[#This Row],[Motorista]]="","",IF(COUNTIFS(Tabela1[Data],Tabela1[[#This Row],[Data]],Tabela1[Motorista],Tabela1[[#This Row],[Motorista]])=1,"1 viagem",COUNTIFS(Tabela1[Data],Tabela1[[#This Row],[Data]],Tabela1[Motorista],Tabela1[[#This Row],[Motorista]])&" viagens")) -> 1 viagem | P100: 0.33333333 | Q100: 0.64583333 | S100: Impresso | T100: =IF(OR(Tabela1[[#This Row],[Entrada]]="",Tabela1[[#This Row],[Saída]]=""), "", Tabela1[[#This Row],[Saída]]-Tabela1[[#This Row],[Entrada]]) | U100: =IF(OR('Controle de CT'!$R100= "", 'Controle de CT'!$P100= ""), "", 'Controle de CT'!$R100-'Controle de CT'!$P100)
K101: 46066 | L101: Said Pereira Rabelo | M101: =IF(Tabela1[[#This Row],[Motorista]]="","",IFERROR(_xlfn.XLOOKUP(Tabela1[[#This Row],[Motorista]],Base!A:A,Base!B:B),"")) -> FOB | N101: =IF(R101<>"","Finalizado", IF(Q101<>"","Fila de Carregamento", IF(P101<>"","Aguardando Entrada",""))) -> Fila de Carregamento | O101: =IF(Tabela1[[#This Row],[Motorista]]="","",IF(COUNTIFS(Tabela1[Data],Tabela1[[#This Row],[Data]],Tabela1[Motorista],Tabela1[[#This Row],[Motorista]])=1,"1 viagem",COUNTIFS(Tabela1[Data],Tabela1[[#This Row],[Data]],Tabela1[Motorista],Tabela1[[#This Row],[Motorista]])&" viagens")) -> 2 viagens | P101: 0.50625 | Q101: 0.63541667 | S101: Impresso | T101: =IF(OR(Tabela1[[#This Row],[Entrada]]="",Tabela1[[#This Row],[Saída]]=""), "", Tabela1[[#This Row],[Saída]]-Tabela1[[#This Row],[Entrada]]) | U101: =IF(OR('Controle de CT'!$R101= "", 'Controle de CT'!$P101= ""), "", 'Controle de CT'!$R101-'Controle de CT'!$P101)
K102: 46066 | L102: Jose Osvaldir Queiroz | M102: =IF(Tabela1[[#This Row],[Motorista]]="","",IFERROR(_xlfn.XLOOKUP(Tabela1[[#This Row],[Motorista]],Base!A:A,Base!B:B),"")) -> FOB | N102: =IF(R102<>"","Finalizado", IF(Q102<>"","Fila de Carregamento", IF(P102<>"","Aguardando Entrada",""))) -> Aguardando Entrada | O102: =IF(Tabela1[[#This Row],[Motorista]]="","",IF(COUNTIFS(Tabela1[Data],Tabela1[[#This Row],[Data]],Tabela1[Motorista],Tabela1[[#This Row],[Motorista]])=1,"1 viagem",COUNTIFS(Tabela1[Data],Tabela1[[#This Row],[Data]],Tabela1[Motorista],Tabela1[[#This Row],[Motorista]])&" viagens")) -> 1 viagem | P102: 0.57708333 | S102: Impresso | T102: =IF(OR(Tabela1[[#This Row],[Entrada]]="",Tabela1[[#This Row],[Saída]]=""), "", Tabela1[[#This Row],[Saída]]-Tabela1[[#This Row],[Entrada]]) | U102: =IF(OR('Controle de CT'!$R102= "", 'Controle de CT'!$P102= ""), "", 'Controle de CT'!$R102-'Controle de CT'!$P102)
K103: 46066 | L103: Daniel da Silva Rabelo | M103: =IF(Tabela1[[#This Row],[Motorista]]="","",IFERROR(_xlfn.XLOOKUP(Tabela1[[#This Row],[Motorista]],Base!A:A,Base!B:B),"")) -> RZD | O103: =IF(Tabela1[[#This Row],[Motorista]]="","",IF(COUNTIFS(Tabela1[Data],Tabela1[[#This Row],[Data]],Tabela1[Motorista],Tabela1[[#This Row],[Motorista]])=1,"1 viagem",COUNTIFS(Tabela1[Data],Tabela1[[#This Row],[Data]],Tabela1[Motorista],Tabela1[[#This Row],[Motorista]])&" viagens")) -> 1 viagem | P103: 0.54166667 | Q103: 0.62430556 | S103: Impresso | T103: =IF(OR(Tabela1[[#This Row],[Entrada]]="",Tabela1[[#This Row],[Saída]]=""), "", Tabela1[[#This Row],[Saída]]-Tabela1[[#This Row],[Entrada]]) | U103: =IF(OR('Controle de CT'!$R103= "", 'Controle de CT'!$P103= ""), "", 'Controle de CT'!$R103-'Controle de CT'!$P103)
...

Sheet Base
A1: Motorista | B1: Tipo de Frete | C1: Frete | D1: Nota Fiscal | E1: Observação
A2: Abdiel ferreira | E2: Carregando na IPP
A3: Adriano Nunes Barbosa | B3: Transferência | E3: Produto parado
A4: Wilmar Leão
A5: Adriano Paz | B5: CIF | C5: CIF | D5: Impresso
A6: Alessandro Souza | B6: CIF | C6: FOB | D6: Pendente
A7: Valdemir Angelo | B7: RZD | C7: FOB
A8: Paulo GT
A9: Stanley
A10: Alexandre Gonçalves de Lima | B10: FOB
A11: ALUIZIO SOUZA VIEGAS | B11: Transferência
A12: Amâncio Gustavo de sales | B12: RZD
A13: Andre Pereira de Oliveira | B13: FOB
A14: Antonio Adailson | B14: CIF
A15: Antonio Carlos Da Silva Andrade | B15: FOB
A16: Antonio Carlos Lustosa | B16: FOB
A17: Augusto Cleber | B17: Transferência
A18: Benedito Gomes | B18: CIF
A19: Caio Victor Pessoa | B19: CIF
A20: Carlos Alberto Noronha | B20: CIF
A21: Carlos Antônio | B21: RZD
A22: Carlos Antonio dos Santos Melo
A23: Carlos Junior | B23: Transferência
A24: Carlos Magno | B24: FOB
A25: Celio Roberto Pimentel | B25: RZD
A26: Cesar Gomes Diniz | B26: RZD
A27: Cesar Soares | B27: Transferência
A28: Cleber Moreira | B28: FOB
A29: Daiton De Lima Costa | B29: CIF
A30: Daniel da Silva Rabelo | B30: RZD
A31: David dos Santos | B31: FOB
A32: Denilson Duarte | B32: FOB
A33: Denir Lucena | B33: Transferência
A34: Domilton Bezerra Severo | B34: Transferência
... A78: Josimar Nogueira | B78: FOB
A79: Josue Sales
A80: Juan Ricardo | B80: FOB
A81: Juan Walace De Oliveira Pantoja | B81: FOB
A82: Julio Cesar dos Santos | B82: FOB
A83: Kalebe Oliveira da Silva | B83: FOB
A84: Kassio Alexandre | B84: FOB
A85: Leandro Junio Castro da Silva | B85: FOB
A86: Linderlon Garces Dos Santos | B86: FOB
A87: Luan Siqueira da Silva | B87: Transferência
A88: Luciano Sousa Da Silva | B88: FOB
A89: Luiz Carlos | B89: FOB
A90: Luiz Carlos | B90: FOB
A91: Luiz Santos Amaral | B91: CIF
... A110: Raimundo Oderclei Cruz | B110: CIF
A111: Rogerio Moraes Da Silva | B111: CIF | G111: impresso
A112: Romulo Maciel Simoes | B112: FOB
A113: Ronaldo Macena | B113: FOB
A114: Rosiney de Cruz de Souza | B114: RZD
A115: Rubem Celso de Assis | B115: RZD
A116: Rudnei Alan | B116: Transferência
A117: Said Pereira Rabelo | B117: FOB
A118: Servio Julio | B118: FOB
A119: Sidney Marcos Da Silva Macedo | B119: FOB
A120: Silfarne Castro | B120: CIF
A121: Silvio Reis de Almeida | B121: FOB
A122: STANLEY CESAR EDWARDS RODRIGUES | B122: FOB
A123: STANLEY CESAR EDWARDS RODRIGUES
A124: Tiago Martins Rodrigues | B124: FOB
A125: Vagno Cavalcante | B125: Transferência
A126: Valdemir Ângelo de Moraes | B126: RZD
A127: Valdinei de Souza Lira | B127: RZD
A128: Valdir Costa De Oliveira | B128: FOB
A129: Valdir Costa De Oliveira | B129: FOB
A130: Wilmar Leão Filho | B130: CIF
A131: Alcijones
A132: Laudelino Ovelha | B132: FOB
A133: Wilmar Leão Filho | B133: CIF
A134: STANLEY CESAR EDWARDS RODRIGUES | B134: FOB
A135: Wilmar Leão Filho | B135: CIF
A136: Silvio Reis de Almeida | B136: fob
A137: Emilson Silva dos Santos | B137: FOB
A138: Fernendo Azevedo | B138: FOB
A139: janio | B139: fob
A140: Carlos André | B140: FOB
A141: Raimundo Rocha Sousa | B141: Transferência
A142: Emilson Silva dos Santos | B142: FOB
A143: Claudio silva dos santos | B143: FOB
... A147: Marcio Balbino | B147: FOB
A148: Raimundo Rocha Sousa
A149: Philippe da Silva Araújo | B149: FOB
A150: Victor Stefani | B150: FOB
